rank,stop_id,stop_name,tract_geoid,households,pct_no_vehicle_est,moe_pts,pct_draws_in_top20,median_rank_simulated
1.0,807,University Village South Apartments,12001000901,237,49.8,28.7,98.0,1.0
2.0,966,Weimer Hall,12001000902,164,30.5,16.9,100.0,2.0
3.0,842,Southwest Recreation Center,12001000901,237,49.8,28.7,95.0,4.0
4.0,1254,Gator Corner Dining Facility @ Gale Lemerand,12001000902,164,30.5,16.9,99.0,3.0
5.0,806,Southwest Recreation Center,12001000901,237,49.8,28.7,94.0,6.0
6.0,1192,Turlington Hall,12001000902,164,30.5,16.9,99.0,6.0
7.0,478,IFAS Lab,12001000901,237,49.8,28.7,91.0,7.0
8.0,1180,Southwest Recreation Center,12001000901,237,49.8,28.7,89.0,8.0
9.0,44,Frazier Rogers Hall (Eastbound),12001000902,164,30.5,16.9,98.0,9.0
10.0,1193,Rawlings Hall,12001000902,164,30.5,16.9,95.0,11.0
11.0,849,Hume Hall (Eastbound),12001000901,237,49.8,28.7,75.0,12.0
12.0,15,Center Dr @ Museum Rd,12001000902,164,30.5,16.9,92.0,12.0
13.0,925,The HUB,12001000902,164,30.5,16.9,87.0,13.0
14.0,365,Theory Apartments,12001000201,2308,21.1,10.6,71.0,13.0
15.0,473,Reitz Union,12001000902,164,30.5,16.9,76.0,15.0
16.0,926,Leigh Hall,12001000902,164,30.5,16.9,67.0,17.0
17.0,468,Parking & Transportation Services,12001000902,164,30.5,16.9,62.0,18.0
18.0,198,St. Augustine Catholic Church,12001000902,164,30.5,16.9,55.0,20.0
19.0,199,Keene Flint Hall,12001000902,164,30.5,16.9,47.0,21.0
20.0,200,Anderson Hall,12001000902,164,30.5,16.9,41.0,22.0
21.0,927,Ben Hill Griffin Stadium North End Zone,12001000902,164,30.5,16.9,31.0,23.0
22.0,808,Hilton University of Florida Conference Center,12001001522,4386,15.6,7.6,49.0,21.0
23.0,363,SW 13th Street & W University Avenue,12001000201,2308,21.1,10.6,41.0,23.0
24.0,838,34th St Plaza,12001001522,4386,15.6,7.6,42.0,23.0
25.0,197,Ben Hill Griffin Stadium,12001000902,164,30.5,16.9,12.0,26.0
26.0,1181,UF Orthopaedics Institute,12001001522,4386,15.6,7.6,34.0,26.0
27.0,364,Publix @ NW 13th St and W Univ Ave,12001000201,2308,21.1,10.6,31.0,27.0
28.0,472,Rawlings Hall,12001000902,164,30.5,16.9,7.0,28.0
29.0,815,Daily Mart,12001001522,4386,15.6,7.6,26.0,27.0
30.0,1027,Best Buy @ Butler Plaza,12001001522,4386,15.6,7.6,13.0,32.0
31.0,43,Center Dr @ Museum Rd,12001000902,164,30.5,16.9,3.0,34.0
32.0,1305,Best Buy @ Butler Plaza,12001001522,4386,15.6,7.6,10.0,34.0
33.0,14,Frazier Rogers Hall,12001000902,164,30.5,16.9,2.0,36.0
34.0,442,Southbound SW 13th Street @ Inner Road,12001000902,164,30.5,16.9,1.0,38.0
35.0,1194,Commuter Lot/Garage 14,12001000901,237,49.8,28.7,12.0,40.0
36.0,1554,Marshall's @ Plaza Blvd (Westbound),12001001522,4386,15.6,7.6,4.0,38.0
37.0,1549,Hilton Garden Inn,12001001522,4386,15.6,7.6,3.0,39.0
38.0,477,Cancer & Genetics Research Center,12001000901,237,49.8,28.7,7.0,44.0
39.0,1493,Butler Plaza Transfer Station,12001001522,4386,15.6,7.6,1.0,44.0
40.0,840,Hilton University of Florida Conference Center,12001001514,1080,8.3,6.3,8.0,43.0
41.0,191,Westgate Plaza,12001000901,237,49.8,28.7,5.0,46.0
42.0,28,Bonefish Grill Seafood Restaurant @ Butler Plaza,12001001522,4386,15.6,7.6,1.0,45.0
43.0,26,Whole Foods @ Butler Town Center,12001001522,4386,15.6,7.6,0.0,46.0
44.0,839,Florida Department Of Agriculture,12001001514,1080,8.3,6.3,6.0,45.0
45.0,1206,Arlington Square Apartments,12001000500,2796,10.7,4.8,2.0,48.0
46.0,1349,Hilton Garden Inn,12001001522,4386,15.6,7.6,0.0,50.0
47.0,466,Forestry Field Lab/Plant Growth,12001001514,1080,8.3,6.3,3.0,52.0
48.0,438,The Gate Food Store @ NW 13th Street,12001001000,3509,6.5,4.1,1.0,49.0
49.0,1237,Museum Walk Apartments,12001001522,4386,15.6,7.6,0.0,53.0
50.0,439,NW 13th St @ Nearside NW 3rd Pl Southbound,12001001000,3509,6.5,4.1,1.0,50.0
51.0,171,Oaks Mall @ NW 62nd Blvd,12001001605,4022,6.0,5.3,1.0,51.0
52.0,797,Hume Hall,12001000902,164,30.5,16.9,0.0,51.0
53.0,1064,Treebecka Park Apartments,12001002218,1495,15.3,8.9,3.0,53.0
54.0,802,Lakeside Apartments,12001000901,237,49.8,28.7,0.0,57.0
55.0,798,Sigma Alpha Epsilon,12001000902,164,30.5,16.9,0.0,56.0
56.0,27,Chili's Grill and Bar @ Butler Plaza,12001001522,4386,15.6,7.6,0.0,59.0
57.0,446,UF Health Archer Road,12001000902,164,30.5,16.9,0.0,58.0
58.0,1632,Inner Road Eastbound,12001000902,164,30.5,16.9,0.0,60.0
59.0,196,Pressly Stadium,12001000902,164,30.5,16.9,0.0,62.0
60.0,956,Old Archer Road @ SW 34th Street,12001001515,2932,9.4,7.0,1.0,59.0
61.0,1081,Sparrow Apartments,12001002217,2967,15.9,6.6,0.0,62.0
62.0,1631,Inner Road Westbound,12001000902,164,30.5,16.9,0.0,65.0
63.0,440,North 13th Street @ NW 1st Avenue,12001001000,3509,6.5,4.1,0.0,62.0
64.0,696,University Police Department,12001000902,164,30.5,16.9,0.0,67.0
65.0,1089,Harbor Cove Apartments,12001002217,2967,15.9,6.6,0.0,65.0
66.0,1592,Pizza Hut Archer Rd Eastbound,12001001519,882,12.8,5.3,0.0,65.0
67.0,724,Westbound NE 39th Ave at Main St - Gsville Nissan,12001001902,1361,16.8,9.7,1.0,72.0
68.0,1072,Sparrow Apartments,12001002218,1495,15.3,8.9,0.0,71.0
69.0,1555,Marshall's @ Plaza Blvd,12001001522,4386,15.6,7.6,0.0,73.0
70.0,1475,President's Park,12001000902,164,30.5,16.9,0.0,76.0
71.0,1065,Tower Oaks Glenn Apartments,12001002218,1495,15.3,8.9,0.0,76.0
72.0,465,Campus Edge Condominiums,12001001514,1080,8.3,6.3,0.0,77.0
73.0,254,Big Lot on NW 13th Street,12001000302,1363,11.6,6.7,0.0,74.0
74.0,1054,Tower Oaks Glenn Apartments,12001002219,2774,16.5,9.1,0.0,76.0
75.0,663,UF Health Pediatric ER,12001000902,164,30.5,16.9,0.0,79.0
76.0,1094,Clarion Inn,12001002217,2967,15.9,6.6,0.0,77.0
77.0,107,Health Department,12001000600,1734,20.2,11.8,0.0,83.5
78.0,1079,Westbound SW 8th Avenue @ SW 70th Terrace,12001002217,2967,15.9,6.6,0.0,82.0
79.0,56,Eastbound SW 2nd Ave @ SW 2nd St,12001000202,1860,25.1,12.7,1.0,85.0
80.0,832,Liv Apartments,12001001522,4386,15.6,7.6,0.0,85.0
81.0,1608,Shell Rock Villas,12001002218,1495,15.3,8.9,0.0,85.0
82.0,1097,Oaks Mall,12001001605,4022,6.0,5.3,0.0,85.0
83.0,1059,Linton Oaks Neighborhood @ SW 64th Terrace,12001002218,1495,15.3,8.9,0.0,87.5
84.0,719,Village Green Apartments,12001000400,2341,18.2,8.7,0.0,84.0
85.0,1093,Park Place Car Wash,12001002217,2967,15.9,6.6,0.0,88.0
86.0,367,Xerographic Copy Center,12001000301,1952,14.1,7.2,0.0,87.0
87.0,1099,SUBWAY@ Newberry RD,12001001702,2361,5.5,4.0,0.0,89.0
88.0,1078,Gordon Manor Neighborhood,12001002217,2967,15.9,6.6,0.0,93.0
89.0,1483,aloft Hotel @ Hull Rd Eastbound,12001001522,4386,15.6,7.6,0.0,94.0
90.0,1012,Autumn Woods Neighborhood,12001001701,3402,17.3,5.7,0.0,95.0
91.0,467,Cancer and Genetics Research,12001000902,164,30.5,16.9,0.0,96.0
92.0,255,Rural King,12001000302,1363,11.6,6.7,0.0,92.0
93.0,34,Direct Insurance @ Archer Road,12001001515,2932,9.4,7.0,0.0,95.0
94.0,716,NE 28th Avenue @ NE 15th Street,12001000400,2341,18.2,8.7,0.0,98.0
95.0,145,Westbound W University Ave @ NW 10th St,12001000201,2308,21.1,10.6,0.0,101.0
96.0,752,NE 15th Street @ NE 26th Avenue,12001000400,2341,18.2,8.7,0.0,100.0
97.0,259,ALDI Food Market,12001000302,1363,11.6,6.7,0.0,98.5
98.0,1100,West Newberry Rd Nearside NW 69th Ter,12001001702,2361,5.5,4.0,0.0,100.0
99.0,1614,Celebration Pointe SW 45th St & SW 31st Pl,12001002219,2774,16.5,9.1,0.0,102.0
100.0,725,Southeast Car Agency,12001001902,1361,16.8,9.7,0.0,108.0
101.0,1337,Gainesville Place,12001001515,2932,9.4,7.0,0.0,102.0
102.0,1084,Reflections Apartments,12001002217,2967,15.9,6.6,0.0,108.0
103.0,1154,Graham Hall,12001000902,164,30.5,16.9,0.0,110.0
104.0,1085,The Gardens Apartments,12001002217,2967,15.9,6.6,0.0,112.5
105.0,744,Wade Raulerson Honda Dealership,12001000400,2341,18.2,8.7,0.0,111.0
106.0,1629,SW 43rd St @ Texas Roadhouse,12001002219,2774,16.5,9.1,0.0,112.0
107.0,1621,SW 8th Ave @ Nearside SW 67th Terr,12001002218,1495,15.3,8.9,0.0,114.0
108.0,369,CVS @ NW 13th Street,12001000301,1952,14.1,7.2,0.0,112.0
109.0,736,Wesley United Methodist Church,12001000302,1363,11.6,6.7,0.0,111.0
110.0,715,Smokey Bear Park,12001000400,2341,18.2,8.7,0.0,114.0
111.0,1626,SW 43rd St @ Cracker Barrel,12001002219,2774,16.5,9.1,0.0,114.0
112.0,201,West University Avenue & SW 12th St,12001000201,2308,21.1,10.6,0.0,116.0
113.0,1253,Graham Hall,12001000902,164,30.5,16.9,0.0,119.0
114.0,1430,NE 39th Ave @ Waldo Rd,12001000400,2341,18.2,8.7,0.0,119.0
115.0,275,NW 6th St @ NW 22nd Ave,12001000301,1952,14.1,7.2,0.0,119.0
116.0,761,Sandwich Inn @ NE 16th Ave,12001000400,2341,18.2,8.7,0.0,123.0
117.0,1627,SW 32nd Road @ The Vibe (Eastbound),12001002219,2774,16.5,9.1,0.0,123.0
118.0,362,Social 28 Apartments,12001000201,2308,21.1,10.6,0.0,125.0
119.0,1341,Enclave 4,12001001515,2932,9.4,7.0,0.0,121.5
120.0,1165,Hills Mini Storage,12001001902,1361,16.8,9.7,0.0,131.0
121.0,1333,Enclave 1,12001001515,2932,9.4,7.0,0.0,124.0
122.0,372,Lux 13 Apartments,12001000301,1952,14.1,7.2,0.0,129.0
123.0,1323,College Manor Apartments,12001000201,2308,21.1,10.6,0.0,129.0
124.0,148,Smathers Library,12001001000,3509,6.5,4.1,0.0,125.0
125.0,149,West Univ Avenue @ NW 17th Street,12001001000,3509,6.5,4.1,0.0,127.0
126.0,1268,Brandywine Apartments,12001001515,2932,9.4,7.0,0.0,128.0
127.0,746,Eden Park Apartments,12001000400,2341,18.2,8.7,0.0,133.0
128.0,1183,Cultural Plaza,12001001514,1080,8.3,6.3,0.0,132.0
129.0,1058,Linton Oaks,12001002217,2967,15.9,6.6,0.0,135.0
130.0,136,SE 4th Street @ SE 10th Ave,12001000700,2512,12.6,7.5,0.0,133.0
131.0,479,Campus Edge Condominiums,12001001514,1080,8.3,6.3,0.0,136.0
132.0,737,Wawa @ NW 13th St,12001000302,1363,11.6,6.7,0.0,131.5
133.0,464,Mt Vernon Apartments @ SW 23rd Drive,12001001514,1080,8.3,6.3,0.0,137.0
134.0,469,Commuter Lot Parking Garage @ Gale Lemerand,12001000902,164,30.5,16.9,0.0,135.0
135.0,848,Lake Alice Field,12001000901,237,49.8,28.7,0.0,140.5
136.0,1051,Walgreens @ SW 24th Avenue,12001002219,2774,16.5,9.1,0.0,138.0
137.0,2,Hampton Inn Hotel,12001000500,2796,10.7,4.8,0.0,138.0
138.0,1140,Southbound SW 27th Street @ SW 35th Place,12001001517,2597,11.4,6.8,0.0,137.0
139.0,1484,Varsity House Apartments @ SW 38th Ter,12001001522,4386,15.6,7.6,0.0,142.0
140.0,1014,Allstate Insurance,12001001701,3402,17.3,5.7,0.0,140.5
141.0,204,Innovation Square North,12001000201,2308,21.1,10.6,0.0,143.0
142.0,1055,Split Rock Conservation Area,12001002219,2774,16.5,9.1,0.0,144.0
143.0,1630,SW 32nd Rd @ The Vibe (Westbound),12001002219,2774,16.5,9.1,0.0,146.0
144.0,60,SE 4th Street @ SE 10th Avenue,12001000700,2512,12.6,7.5,0.0,143.0
145.0,1496,Family Dollar Shopping Center,12001000600,1734,20.2,11.8,0.0,150.0
146.0,800,Corry Village,12001000901,237,49.8,28.7,0.0,151.0
147.0,63,Norwood Neighborhood,12001000700,2512,12.6,7.5,0.0,147.0
148.0,57,Hippodrome Theatre,12001000500,2796,10.7,4.8,0.0,148.5
149.0,758,David's BBQ,12001000400,2341,18.2,8.7,0.0,150.0
150.0,134,Norwood Neighborhood (North),12001000700,2512,12.6,7.5,0.0,150.5
151.0,1173,Cultural Plaza,12001001514,1080,8.3,6.3,0.0,152.0
152.0,1221,Eastbound NW 23rd Avenue @ NW 13th Street,12001000301,1952,14.1,7.2,0.0,151.5
153.0,1318,GRACE Marketplace,12001001902,1361,16.8,9.7,0.0,157.0
154.0,1269,Archer Court Apartments,12001001515,2932,9.4,7.0,0.0,151.0
155.0,1216,Arlington Square Apartments,12001000500,2796,10.7,4.8,0.0,157.0
156.0,1302,Greenwich Green Apartments,12001001519,882,12.8,5.3,0.0,154.0
157.0,735,Rena's Ballroom,12001000302,1363,11.6,6.7,0.0,154.0
158.0,1136,Wilmot Gardens,12001000902,164,30.5,16.9,0.0,157.0
159.0,144,Leonardo's 706,12001000201,2308,21.1,10.6,0.0,158.5
160.0,512,Northwest Baptist Church,12001001701,3402,17.3,5.7,0.0,159.0
161.0,749,Village Green Apartments,12001000400,2341,18.2,8.7,0.0,161.0
162.0,899,NE 16th Avenue @ NE 15th Street,12001000400,2341,18.2,8.7,0.0,162.0
163.0,256,Mount Pleasant Cemetary,12001000302,1363,11.6,6.7,0.0,158.0
164.0,1011,NW Grille Seafood,12001001701,3402,17.3,5.7,0.0,163.0
165.0,175,Oaks Mall SW 62nd Blvd,12001001605,4022,6.0,5.3,0.0,160.0
166.0,249,NW 16th Ave NW 13th St,12001001100,2940,7.3,3.5,0.0,163.0
167.0,1559,Butler Plaza North,12001001522,4386,15.6,7.6,0.0,167.0
168.0,718,Northbound NE 15th Street @ NE 31st Avenue,12001000400,2341,18.2,8.7,0.0,165.0
169.0,1067,Carriage House Lane,12001002218,1495,15.3,8.9,0.0,164.5
170.0,720,Fearnside Family Services Center Northbound,12001000400,2341,18.2,8.7,0.0,167.0
171.0,1213,Lexington Crossing Apartments,12001001517,2597,11.4,6.8,0.0,166.0
172.0,1547,Sam's Club,12001001522,4386,15.6,7.6,0.0,173.5
173.0,971,US Post Office @ SW 34th Street,12001001517,2597,11.4,6.8,0.0,169.5
174.0,898,Rose Food Store,12001000400,2341,18.2,8.7,0.0,174.0
175.0,546,NW 16th Ave @ NW 13th St,12001001000,3509,6.5,4.1,0.0,167.0
176.0,1135,Shands Visitor Parking,12001000902,164,30.5,16.9,0.0,172.0
177.0,804,Family Housing,12001000901,237,49.8,28.7,0.0,178.0
178.0,1061,Linton Oaks Neighborhood @ SW 63rd Terrace,12001002217,2967,15.9,6.6,0.0,175.0
179.0,1460,Enclave 3,12001001515,2932,9.4,7.0,0.0,171.0
180.0,35,Silver Creek Apartments,12001001515,2932,9.4,7.0,0.0,174.0
181.0,1267,University Commons Apartments,12001001515,2932,9.4,7.0,0.0,175.0
182.0,1274,Krystal @ Newberry Road,12001002204,5356,5.5,3.9,0.0,176.5
183.0,18,Shands Hospital @ Davis Cancer Pavilion,12001000902,164,30.5,16.9,0.0,180.0
184.0,1187,Microbiology/Cell Science Building,12001000901,237,49.8,28.7,0.0,187.0
185.0,1018,CVS @ Millhopper,12001001701,3402,17.3,5.7,0.0,182.0
186.0,1489,Village Point 4,12001001522,4386,15.6,7.6,0.0,187.0
187.0,664,UF Health Shands North Tower,12001000902,164,30.5,16.9,0.0,183.0
188.0,753,Smokey Bear Park,12001000400,2341,18.2,8.7,0.0,186.0
189.0,100,GTEC,12001000700,2512,12.6,7.5,0.0,184.5
190.0,704,Kangaroo @ N Main St,12001000301,1952,14.1,7.2,0.0,186.0
191.0,847,Corry Village,12001000901,237,49.8,28.7,0.0,196.0
192.0,673,Stayable Select Hotel,12001000809,791,3.0,3.1,0.0,185.0
193.0,208,Bo Diddley Community Plaza,12001000500,2796,10.7,4.8,0.0,190.0
194.0,740,Stephen Foster Elementary School @ 39th Ave,12001000302,1363,11.6,6.7,0.0,190.0
195.0,1325,Division of Blind Services,12001001701,3402,17.3,5.7,0.0,194.0
196.0,109,Phase III Supply,12001000600,1734,20.2,11.8,0.0,197.0
197.0,623,Westbound NE 13th Street @ NE 8th Avenue,12001000500,2796,10.7,4.8,0.0,194.0
198.0,709,McCoy Court Apartments,12001000400,2341,18.2,8.7,0.0,196.5
199.0,995,Summer Creek Neighborhood,12001001811,3147,12.6,7.9,0.0,198.0
200.0,1290,Alachua County Courthouse,12001000500,2796,10.7,4.8,0.0,196.5
201.0,1013,Pine Woods Apartments,12001001701,3402,17.3,5.7,0.0,197.0
202.0,1447,Gardenia Gardens,12001000600,1734,20.2,11.8,0.0,199.5
203.0,1497,Alachua School Bus Parking Lot,12001000600,1734,20.2,11.8,0.0,201.0
204.0,449,Hideaway Apartments,12001001516,1562,8.5,5.4,0.0,195.0
205.0,688,Tanglewood Apartments,12001000808,1699,7.2,6.0,0.0,191.0
206.0,1185,Microbiology/Cell Science Building,12001000901,237,49.8,28.7,0.0,207.0
207.0,1008,Greystone Community,12001001701,3402,17.3,5.7,0.0,203.0
208.0,39,The Bartram Apartments,12001001514,1080,8.3,6.3,0.0,201.0
209.0,969,UF Health Professional Park,12001001517,2597,11.4,6.8,0.0,202.0
210.0,989,Pinewood Apartments,12001001811,3147,12.6,7.9,0.0,209.0
211.0,139,City Hall,12001000500,2796,10.7,4.8,0.0,207.0
212.0,562,Sunny Food Mart,12001000500,2796,10.7,4.8,0.0,209.0
213.0,248,Gainesville High School,12001001100,2940,7.3,3.5,0.0,209.0
214.0,3,Westbound SW 2nd Avenue @ SW 2nd Street,12001000500,2796,10.7,4.8,0.0,213.0
215.0,24,Take 5 Car Wash,12001001514,1080,8.3,6.3,0.0,213.0
216.0,643,Ridgemar Apartments,12001001517,2597,11.4,6.8,0.0,211.5
217.0,750,Southbound NE 15th Street @ NE 31 Avenue,12001000400,2341,18.2,8.7,0.0,217.0
218.0,300,Fast Eddie's Restaurant,12001000700,2512,12.6,7.5,0.0,214.0
219.0,108,SE 24th Street at Hawthorne Road,12001000600,1734,20.2,11.8,0.0,221.0
220.0,732,Oak Gate Condominiums,12001000302,1363,11.6,6.7,0.0,213.0
221.0,370,Gainesville High School,12001000301,1952,14.1,7.2,0.0,217.0
222.0,955,Gainesville Place Apartments,12001001515,2932,9.4,7.0,0.0,213.5
223.0,101,SE 24th Street - Dollar General Store,12001000600,1734,20.2,11.8,0.0,224.0
224.0,36,Capstone Quarters Apartments,12001001515,2932,9.4,7.0,0.0,215.0
225.0,1141,Wilmot Gardens,12001000902,164,30.5,16.9,0.0,218.5
226.0,721,NE 39th Ave WB Farside NE 15th St,12001001902,1361,16.8,9.7,0.0,226.0
227.0,1261,Gardenia Garden Apartments,12001000600,1734,20.2,11.8,0.0,227.5
228.0,147,Target Copy @ W University Avenue,12001001000,3509,6.5,4.1,0.0,215.0
229.0,223,NW 6th St NW 21st Ln,12001000301,1952,14.1,7.2,0.0,221.0
230.0,1372,Newberry Rd @ NW 75th,12001002204,5356,5.5,3.9,0.0,224.0
231.0,203,University of Florida Human Resources,12001000201,2308,21.1,10.6,0.0,226.5
232.0,722,Eden Park at Ironwood,12001001902,1361,16.8,9.7,0.0,238.0
233.0,150,University Lutheran Church,12001001000,3509,6.5,4.1,0.0,226.0
234.0,480,Mt Vernon Apartments,12001001514,1080,8.3,6.3,0.0,233.0
235.0,1091,Home Depot @ NW 4th Boulevard,12001002217,2967,15.9,6.6,0.0,236.0
236.0,373,Furniture Kingdom,12001001203,1619,5.6,3.9,0.0,232.0
237.0,25,Westbound Archer Road @ SW 34th Street,12001001514,1080,8.3,6.3,0.0,236.0
238.0,1270,Gainesville Place Apartments,12001001515,2932,9.4,7.0,0.0,233.0
239.0,16,Shands Hospital @ Center Drive,12001000902,164,30.5,16.9,0.0,235.0
240.0,507,Capital City Bank @ NW 16th Boulevard,12001001100,2940,7.3,3.5,0.0,238.0
241.0,1504,PPG Paints Store,12001000201,2308,21.1,10.6,0.0,237.0
242.0,679,Meridian Behavioral Healthcare,12001110800,898,12.0,8.9,0.0,239.0
243.0,436,Applebee's @ NW 13th Street,12001001000,3509,6.5,4.1,0.0,236.0
244.0,1300,Gainesville Jrs. Volleyball Club,12001001519,882,12.8,5.3,0.0,239.5
245.0,564,MLK Center,12001000600,1734,20.2,11.8,0.0,248.0
246.0,1482,Lake Alice Conservation Area,12001000901,237,49.8,28.7,0.0,248.0
247.0,637,Aspen Ridge Apartments,12001001517,2597,11.4,6.8,0.0,241.0
248.0,278,NW 6th Street & NW 16th Avenue,12001000301,1952,14.1,7.2,0.0,243.0
249.0,1177,Fifield Hall,12001000901,237,49.8,28.7,0.0,250.0
250.0,1548,Sam's Club,12001001522,4386,15.6,7.6,0.0,250.0
251.0,46,Beaty Towers,12001000902,164,30.5,16.9,0.0,246.0
252.0,220,Medical Marijuana Treatment Center,12001000301,1952,14.1,7.2,0.0,247.0
253.0,89,Lincoln Estate Neighborhood,12001000700,2512,12.6,7.5,0.0,247.0
254.0,1186,Lakeside Residential Building,12001000901,237,49.8,28.7,0.0,257.0
255.0,52,Eastbound SW 2nd Avenue @ SW 10th Street,12001000201,2308,21.1,10.6,0.0,251.0
256.0,1223,Forest Meadows Funeral Home,12001000301,1952,14.1,7.2,0.0,253.0
257.0,1352,Colonial Oaks,12001001522,4386,15.6,7.6,0.0,258.0
258.0,22,Country Village,12001001514,1080,8.3,6.3,0.0,257.0
259.0,434,Direct Auto Insurance,12001001000,3509,6.5,4.1,0.0,252.0
260.0,250,Gainesville High School Tennis Courts,12001001100,2940,7.3,3.5,0.0,259.0
261.0,23,UF Surge Area Drive,12001001514,1080,8.3,6.3,0.0,261.0
262.0,743,Pine Forest Homes,12001000302,1363,11.6,6.7,0.0,256.0
263.0,869,Fair View Apartments,12001000500,2796,10.7,4.8,0.0,260.0
264.0,1005,Springhill Professional Center,12001001701,3402,17.3,5.7,0.0,263.0
265.0,1364,Southbound SE 19th TER @ SE 12th AVE,12001000700,2512,12.6,7.5,0.0,261.0
266.0,1053,Galen College of Nursing,12001002219,2774,16.5,9.1,0.0,264.0
267.0,762,Brakes 4 Less,12001000301,1952,14.1,7.2,0.0,265.0
268.0,1301,Stoneridge Apartments,12001001519,882,12.8,5.3,0.0,263.0
269.0,207,Alachua County Office of the State Attorney,12001000500,2796,10.7,4.8,0.0,266.0
270.0,1481,Cancer/Genetics Research Complex,12001000902,164,30.5,16.9,0.0,267.5
271.0,1363,Shands Parking Garage,12001000902,164,30.5,16.9,0.0,270.0
272.0,98,SE Hawthorne Rd @ SE 18th St Eastbound,12001000700,2512,12.6,7.5,0.0,269.0
273.0,738,Green Oak Villa,12001000302,1363,11.6,6.7,0.0,267.0
274.0,99,SE Hawthorne Rd @ SE 21st St Eastbound,12001000700,2512,12.6,7.5,0.0,272.0
275.0,1351,Hailey Gardens,12001001522,4386,15.6,7.6,0.0,278.0
276.0,642,University Terrace Condominiums,12001001517,2597,11.4,6.8,0.0,270.5
277.0,1552,Circle K @ Newberry/Tower Road,12001002207,1455,0.4,0.7,0.0,270.0
278.0,563,MLK Center and Citizens Field,12001000500,2796,10.7,4.8,0.0,276.0
279.0,1289,Pepboys Auto @ Newberry RD,12001002207,1455,0.4,0.7,0.0,273.0
280.0,1501,NE 15th St @ NE 8th Ave,12001000600,1734,20.2,11.8,0.0,283.0
281.0,741,Gainesville Public Works,12001000302,1363,11.6,6.7,0.0,274.0
282.0,361,Norman Hall,12001000202,1860,25.1,12.7,0.0,281.5
283.0,733,Bel Air Apartments,12001000302,1363,11.6,6.7,0.0,276.0
284.0,932,UF Law School,12001001000,3509,6.5,4.1,0.0,276.0
285.0,1222,Hearing Aid Gainesville,12001000301,1952,14.1,7.2,0.0,282.0
286.0,936,Westgate Plaza,12001001000,3509,6.5,4.1,0.0,278.0
287.0,532,NW 23rd Ave @ NW 43rd St,12001001702,2361,5.5,4.0,0.0,279.0
288.0,1585,NW 6th St @ NW 3rd Ave,12001000201,2308,21.1,10.6,0.0,282.5
289.0,37,Brandywine Apartments,12001001515,2932,9.4,7.0,0.0,280.0
290.0,591,Compassionate Outreach,12001000600,1734,20.2,11.8,0.0,289.5
291.0,1494,NE 15th St @ NE 20th Pl,12001000400,2341,18.2,8.7,0.0,283.0
292.0,970,Williston Plaza,12001001517,2597,11.4,6.8,0.0,282.5
293.0,624,East End Eatery,12001000500,2796,10.7,4.8,0.0,286.0
294.0,42,Shands Hospital @ Center Drive,12001000902,164,30.5,16.9,0.0,286.0
295.0,992,Tire Plus @ NW 39th Avenue,12001001811,3147,12.6,7.9,0.0,289.0
296.0,343,Dollar General,12001000600,1734,20.2,11.8,0.0,294.5
297.0,1601,Markets West (Eastbound),12001002218,1495,15.3,8.9,0.0,288.0
298.0,262,Westgate Mobile Manor Park,12001000302,1363,11.6,6.7,0.0,291.0
299.0,295,Williams Elementary School,12001000700,2512,12.6,7.5,0.0,291.0
300.0,387,Walnut Creek Neighborhood,12001001202,3217,0.6,0.9,0.0,289.0
301.0,855,Walgreens @ NE 3rd Avenue,12001000600,1734,20.2,11.8,0.0,301.0
302.0,176,Panera Bread @ Newberry Road,12001001605,4022,6.0,5.3,0.0,293.0
303.0,1600,Markets West,12001002218,1495,15.3,8.9,0.0,295.0
304.0,528,Northwest Baptist Church,12001001702,2361,5.5,4.0,0.0,297.5
305.0,1407,Eastbound SW 24th AVE @ SW 76th ST,12001002221,2304,0.8,1.5,0.0,294.0
306.0,1083,Cricket Club Apartments,12001002217,2967,15.9,6.6,0.0,303.0
307.0,783,Chevron Gas Station @ Williston Road,12001000700,2512,12.6,7.5,0.0,301.0
308.0,481,University Commons,12001001515,2932,9.4,7.0,0.0,300.0
309.0,1101,Tower Plaza,12001002207,1455,0.4,0.7,0.0,302.0
310.0,301,Eastbound University Avenue @ SE 15th Street,12001000600,1734,20.2,11.8,0.0,312.5
311.0,1139,Casablanca Apartments,12001001515,2932,9.4,7.0,0.0,304.0
312.0,763,Publix @ N Main Street,12001000301,1952,14.1,7.2,0.0,307.0
313.0,985,Thorn Brook Shops,12001001100,2940,7.3,3.5,0.0,308.0
314.0,1103,Tower Hill,12001002207,1455,0.4,0.7,0.0,308.0
315.0,662,McKnight Brain Institute,12001000902,164,30.5,16.9,0.0,311.0
316.0,236,Early Learning Coalition,12001001203,1619,5.6,3.9,0.0,311.0
317.0,140,Alachua County Office of the State Attorney,12001000500,2796,10.7,4.8,0.0,315.0
318.0,726,Bella Vista Village,12001001902,1361,16.8,9.7,0.0,322.0
319.0,618,Duval Elementary School,12001000600,1734,20.2,11.8,0.0,324.0
320.0,1066,KISS 105.3 FM Station,12001002218,1495,15.3,8.9,0.0,317.5
321.0,1068,CVS Pharmacy @ SW 75th Street,12001002218,1495,15.3,8.9,0.0,319.0
322.0,226,Oak Gate Apartments,12001000302,1363,11.6,6.7,0.0,317.0
323.0,1402,Westbound SW 87th Dr @ SW 91st St,12001002221,2304,0.8,1.5,0.0,314.0
324.0,727,Oasis Carwash,12001000302,1363,11.6,6.7,0.0,318.0
325.0,454,Northbound SW 27th Street @ SW 35th Place,12001001516,1562,8.5,5.4,0.0,320.0
326.0,1610,Jonesville Publix,12001002204,5356,5.5,3.9,0.0,318.0
327.0,337,Lana's Place,12001000700,2512,12.6,7.5,0.0,319.0
328.0,912,Waldo Road @ NE 1st Avenue,12001000500,2796,10.7,4.8,0.0,324.0
329.0,988,Monterey Apartments,12001001100,2940,7.3,3.5,0.0,326.0
330.0,386,Forest of the Unicorn Neighborhood,12001001202,3217,0.6,0.9,0.0,322.0
331.0,760,Wash King (Southbound),12001000400,2341,18.2,8.7,0.0,324.0
332.0,1398,Westbound SW 24th AVE @ SW 75th ST,12001002207,1455,0.4,0.7,0.0,324.0
333.0,877,Quick Mart @ NE 15th Street,12001000400,2341,18.2,8.7,0.0,327.0
334.0,784,Southbound Williston Road @ SE 1st Terrace,12001000700,2512,12.6,7.5,0.0,326.0
335.0,1117,Tower Square @ SW 75th Street,12001002221,2304,0.8,1.5,0.0,325.0
336.0,742,Bella Vista Village Eastbound,12001000302,1363,11.6,6.7,0.0,327.5
337.0,341,Alachua County Sheriffs Department,12001000700,2512,12.6,7.5,0.0,327.0
338.0,757,Pointe 23 Apartments,12001000400,2341,18.2,8.7,0.0,331.0
339.0,1468,N Main Post Office,12001000301,1952,14.1,7.2,0.0,331.5
340.0,858,Lakeside Housing Complex,12001000901,237,49.8,28.7,0.0,341.0
341.0,20,Mt Vernon Apartments,12001001514,1080,8.3,6.3,0.0,335.0
342.0,609,Mt Carmel Baptist Church,12001000600,1734,20.2,11.8,0.0,341.0
343.0,990,Magnolia Park Neighborhood,12001001811,3147,12.6,7.9,0.0,338.0
344.0,97,Veteran's Honor Center,12001000700,2512,12.6,7.5,0.0,335.0
345.0,968,Hideaway Apartments,12001001517,2597,11.4,6.8,0.0,335.0
346.0,38,University Commons,12001001515,2932,9.4,7.0,0.0,336.0
347.0,1015,Southbound NW 43rd Street @ NW 33rd Court,12001001701,3402,17.3,5.7,0.0,344.0
348.0,350,Fast Eddie's Restaurant,12001000700,2512,12.6,7.5,0.0,340.0
349.0,313,Lana's Place,12001000700,2512,12.6,7.5,0.0,343.0
350.0,216,Gainesville Police Department,12001000201,2308,21.1,10.6,0.0,343.0
351.0,972,Laurels Apartments,12001001517,2597,11.4,6.8,0.0,345.0
352.0,206,AT&T Building,12001000500,2796,10.7,4.8,0.0,348.0
353.0,237,Sandy's Boutique,12001001203,1619,5.6,3.9,0.0,344.0
354.0,64,Sugarhill Neighborhood @ SE 4th Street,12001000700,2512,12.6,7.5,0.0,348.0
355.0,1082,Sparrow Apartments,12001002217,2967,15.9,6.6,0.0,351.0
356.0,1330,Alachua County Jail (Westbound),12001001902,1361,16.8,9.7,0.0,356.0
357.0,706,Wash King,12001000400,2341,18.2,8.7,0.0,349.0
358.0,635,BLVD Gainesville,12001001519,882,12.8,5.3,0.0,349.0
359.0,179,Eastbound W Newberry Rd @ NW 53rd Terrace,12001001605,4022,6.0,5.3,0.0,350.0
360.0,243,Verizon Shop,12001001203,1619,5.6,3.9,0.0,350.0
361.0,349,Westbound E University Avenue @ NE 16th Street,12001000600,1734,20.2,11.8,0.0,360.0
362.0,455,Casablanca East Apartments,12001001516,1562,8.5,5.4,0.0,355.0
363.0,152,Hillel at the University of Florida,12001001000,3509,6.5,4.1,0.0,354.0
364.0,115,Williams Elementary School,12001000700,2512,12.6,7.5,0.0,358.0
365.0,1495,Passage Family Church,12001000400,2341,18.2,8.7,0.0,360.0
366.0,998,Springhill Professional Center,12001001701,3402,17.3,5.7,0.0,364.0
367.0,710,Pointe 23 Apartments,12001000400,2341,18.2,8.7,0.0,361.0
368.0,1593,Social Security NB NW 13th St,12001000302,1363,11.6,6.7,0.0,358.5
369.0,133,Gainesville Housing Authority,12001000700,2512,12.6,7.5,0.0,364.0
370.0,1303,O2B Kids @ SW 37th BLVD,12001001519,882,12.8,5.3,0.0,366.0
371.0,835,Kensington Apartments South,12001001522,4386,15.6,7.6,0.0,372.0
372.0,1453,St. Patrick Catholic Church,12001000400,2341,18.2,8.7,0.0,369.0
373.0,578,Southbound NE 25th Street @ NE 8th Avenue,12001000600,1734,20.2,11.8,0.0,375.0
374.0,569,Duval Elementary School,12001000600,1734,20.2,11.8,0.0,377.0
375.0,338,Durelle Heights Neighborhood,12001000700,2512,12.6,7.5,0.0,371.5
376.0,949,Lexington Crossing Apartments,12001001517,2597,11.4,6.8,0.0,372.0
377.0,312,Durelle Heights Neighborhood,12001000700,2512,12.6,7.5,0.0,374.0
378.0,1057,Linton Oaks Neighborhood @ SW 61st Street,12001002217,2967,15.9,6.6,0.0,377.0
379.0,142,Seagle Building,12001000500,2796,10.7,4.8,0.0,376.0
380.0,703,US Post Office @ Main St,12001000301,1952,14.1,7.2,0.0,377.5
381.0,1041,Bank of America @ Tower Square on Archer Road,12001002219,2774,16.5,9.1,0.0,377.5
382.0,384,Girls Place of Alachua County,12001001203,1619,5.6,3.9,0.0,375.0
383.0,545,NW 16th Ave @ NW 17th St,12001001000,3509,6.5,4.1,0.0,374.0
384.0,177,Durant Estate,12001001605,4022,6.0,5.3,0.0,379.0
385.0,239,Publix @ NW 39th Avenue,12001001203,1619,5.6,3.9,0.0,377.0
386.0,1551,Social Security Administration,12001001203,1619,5.6,3.9,0.0,378.0
387.0,496,Forest Ridge Neighborhood,12001001100,2940,7.3,3.5,0.0,380.0
388.0,309,Alachua County Sheriff's Office,12001000700,2512,12.6,7.5,0.0,384.0
389.0,1304,Seacoast Bank @ Archer Road,12001001519,882,12.8,5.3,0.0,384.0
390.0,260,Auto Zone @ NW 13th Street,12001000302,1363,11.6,6.7,0.0,380.0
391.0,730,Southbound NW 6th Street @ NW 32nd Place,12001000302,1363,11.6,6.7,0.0,383.0
392.0,225,Northbound NW 6th Street @ NW 26th Avenue,12001000302,1363,11.6,6.7,0.0,385.0
393.0,241,Grace Presbyterian Church,12001001203,1619,5.6,3.9,0.0,386.0
394.0,561,Eastbound NE 8th Avenue @ NE 11th Street,12001000500,2796,10.7,4.8,0.0,390.0
395.0,194,Eastbound SW 2nd Avenue @ SW 26th Street,12001000901,237,49.8,28.7,0.0,399.0
396.0,984,Millhopper Plaza,12001001702,2361,5.5,4.0,0.0,390.0
397.0,385,Sonic Drive In,12001001202,3217,0.6,0.9,0.0,390.0
398.0,345,Harper's Pointe,12001000600,1734,20.2,11.8,0.0,403.0
399.0,619,Bartley Temple United Methodist Church,12001000600,1734,20.2,11.8,0.0,404.0
400.0,1391,Metrocorp Center,12001001100,2940,7.3,3.5,0.0,397.0
401.0,728,Stephen Foster Elementary School,12001000302,1363,11.6,6.7,0.0,396.0
402.0,755,Highland Court Manor Neighborhood @ NE 23rd Avenue,12001000400,2341,18.2,8.7,0.0,398.0
403.0,1380,Westbound NW 39th AVE @ NW 7th ST,12001000302,1363,11.6,6.7,0.0,399.0
404.0,950,Lexington Crossing Apartments,12001001517,2597,11.4,6.8,0.0,400.0
405.0,413,Northwood Oaks Neighborhood,12001001803,2802,5.0,4.0,0.0,396.0
406.0,307,Southeast Gator Liquor @ Hawthorne Road,12001000700,2512,12.6,7.5,0.0,402.0
407.0,785,Springhill Baptist Church,12001000700,2512,12.6,7.5,0.0,405.0
408.0,1,Rosa Parks RTS Downtown Station,12001000500,2796,10.7,4.8,0.0,405.0
409.0,683,Meridian Behavioral Healthcare (Northbound),12001002101,885,0.6,0.8,0.0,403.0
410.0,697,Masonic Temple,12001000500,2796,10.7,4.8,0.0,407.0
411.0,453,Windsor Park Apartments,12001001516,1562,8.5,5.4,0.0,407.0
412.0,143,Santa Fe College Charles L. Blount Center,12001000500,2796,10.7,4.8,0.0,410.0
413.0,1126,Haystacks Housing Complex,12001002220,1044,6.8,6.9,0.0,408.0
414.0,768,Friends of the Library Alachua County,12001000500,2796,10.7,4.8,0.0,413.0
415.0,868,Gainesville Christian Center,12001000500,2796,10.7,4.8,0.0,415.0
416.0,920,GRU Administration Building,12001000500,2796,10.7,4.8,0.0,416.0
417.0,399,The Home Depot @ NW 53rd Avenue,12001001203,1619,5.6,3.9,0.0,412.0
418.0,739,Eastbound NW 39th Avenue @ NW 10th Street,12001000302,1363,11.6,6.7,0.0,414.0
419.0,1459,Kensington South @ 38th Terrace,12001001522,4386,15.6,7.6,0.0,420.0
420.0,314,Faith Missionary Church,12001000700,2512,12.6,7.5,0.0,418.0
421.0,713,NE 23rd Avenue @ NE 11th Terrace,12001000400,2341,18.2,8.7,0.0,420.0
422.0,336,Faith Missionary Church,12001000700,2512,12.6,7.5,0.0,421.0
423.0,404,Pine Ridge Apartments,12001001803,2802,5.0,4.0,0.0,418.0
424.0,261,Sunshine Inn,12001000302,1363,11.6,6.7,0.0,421.0
425.0,553,Downtown Library,12001000500,2796,10.7,4.8,0.0,424.0
426.0,766,Fire Stone @ N Main Street,12001000500,2796,10.7,4.8,0.0,427.0
427.0,543,Forest Ridge Neighborhood,12001001000,3509,6.5,4.1,0.0,421.0
428.0,168,Capital City Bank @ Newberry Road,12001001605,4022,6.0,5.3,0.0,425.0
429.0,1500,NE 15th St @ NE 7th Ave,12001000600,1734,20.2,11.8,0.0,434.0
430.0,424,Girls Place of Alachua County,12001001202,3217,0.6,0.9,0.0,424.0
431.0,769,The Collier Companies,12001000500,2796,10.7,4.8,0.0,431.0
432.0,586,Pine Meadows Apartments,12001000600,1734,20.2,11.8,0.0,437.0
433.0,1543,NW 2nd St @ NW 16th Ave Northbound,12001000301,1952,14.1,7.2,0.0,430.0
434.0,1377,CVS - NW 39th Ave @ NW 13th St,12001001203,1619,5.6,3.9,0.0,428.0
435.0,423,Palmetto Woods Neighborhood,12001001202,3217,0.6,0.9,0.0,427.0
436.0,327,The Verdant Cove,12001000600,1734,20.2,11.8,0.0,439.0
437.0,463,University Commons,12001001514,1080,8.3,6.3,0.0,433.0
438.0,407,Hampton Court Apartments,12001001803,2802,5.0,4.0,0.0,428.0
439.0,680,Bridge House,12001110800,898,12.0,8.9,0.0,432.0
440.0,1381,Publix - NW 39th AVE @ NW 13th ST,12001001203,1619,5.6,3.9,0.0,433.0
441.0,238,CVS @ NW 13th Street,12001001203,1619,5.6,3.9,0.0,434.0
442.0,484,Towne Parc Apartments,12001001515,2932,9.4,7.0,0.0,434.0
443.0,557,Northbound NE 9th Street @ NE 3rd Avenue,12001000500,2796,10.7,4.8,0.0,437.0
444.0,1273,SW 38th Terr nearside SW 20th Ave,12001001522,4386,15.6,7.6,0.0,442.0
445.0,1620,SW 87th Dr @ Nearside SW 27th Ln,12001002221,2304,0.8,1.5,0.0,432.0
446.0,699,Alachua County Property Appraiser,12001000500,2796,10.7,4.8,0.0,442.0
447.0,7,Infinity Hall,12001000201,2308,21.1,10.6,0.0,440.0
448.0,412,Northwood Pines Neighborhood,12001001803,2802,5.0,4.0,0.0,437.0
449.0,221,Family Acupuncture Center,12001000301,1952,14.1,7.2,0.0,442.0
450.0,850,GRU Administration Building,12001000500,2796,10.7,4.8,0.0,445.0
451.0,1378,Westbound NW 39th AVE @ NW 12th ST,12001000302,1363,11.6,6.7,0.0,442.0
452.0,520,Santa Fe,12001001701,3402,17.3,5.7,0.0,447.0
453.0,113,Southbound SE 15th Street @ SE 7th Avenue,12001000700,2512,12.6,7.5,0.0,444.0
454.0,1478,Tractor Supply Co @ NW 53rd Avenue,12001001202,3217,0.6,0.9,0.0,442.0
455.0,450,Lexington Crossing Apartments,12001001516,1562,8.5,5.4,0.0,448.0
456.0,242,McDonald's @ NW 13th Street,12001001203,1619,5.6,3.9,0.0,449.0
457.0,1168,Northwood Oaks Neighborhood,12001001202,3217,0.6,0.9,0.0,448.0
458.0,993,Huntington Lakes Apartments,12001001811,3147,12.6,7.9,0.0,454.0
459.0,608,Northbound NE 25th Street @ NE 6th Avenue,12001000600,1734,20.2,11.8,0.0,459.0
460.0,602,Pine Meadows Apartments,12001000600,1734,20.2,11.8,0.0,460.5
461.0,125,SE 12th Avenue @ SE 17th Drive,12001000700,2512,12.6,7.5,0.0,455.0
462.0,630,Southbound NE 9th Street @ NE 3rd Avenue,12001000500,2796,10.7,4.8,0.0,459.0
463.0,285,Santa Fe Blount Center,12001000500,2796,10.7,4.8,0.0,460.0
464.0,1594,AT&T Store @ NW 4th Place,12001001605,4022,6.0,5.3,0.0,458.5
465.0,368,LifeSouth Community Blood Center @ NW 13th Street,12001000301,1952,14.1,7.2,0.0,461.0
466.0,87,Lincoln Estate Neighborhood,12001000700,2512,12.6,7.5,0.0,461.0
467.0,92,Lincoln Estates,12001000700,2512,12.6,7.5,0.0,463.0
468.0,1264,Cottage Grove Apartments at Gainesville,12001110800,898,12.0,8.9,0.0,464.0
469.0,745,Highland Court Manor,12001000400,2341,18.2,8.7,0.0,463.0
470.0,1454,Northeast Park,12001000500,2796,10.7,4.8,0.0,466.0
471.0,1010,Huntington Lakes Apartments,12001001701,3402,17.3,5.7,0.0,467.0
472.0,700,Fire Stone @ N Main Street,12001000500,2796,10.7,4.8,0.0,468.0
473.0,258,M&E Auto Specialists,12001000302,1363,11.6,6.7,0.0,465.0
474.0,505,B'Nai Israel School & Day Care,12001001100,2940,7.3,3.5,0.0,467.5
475.0,1498,NE 15th St @ NE 3rd Ave Farside,12001000600,1734,20.2,11.8,0.0,474.0
476.0,483,University Club Apartments,12001001515,2932,9.4,7.0,0.0,467.0
477.0,420,Vida Springs Church,12001001202,3217,0.6,0.9,0.0,467.0
478.0,90,Lincoln Estate Neighborhood,12001000700,2512,12.6,7.5,0.0,470.0
479.0,596,Lake Forest Elementary School,12001001400,896,3.6,5.5,0.0,465.0
480.0,205,The Continuum,12001000500,2796,10.7,4.8,0.0,477.5
481.0,382,Ridgeview Baptist Church,12001001203,1619,5.6,3.9,0.0,475.0
482.0,776,Spring Hill Church,12001000700,2512,12.6,7.5,0.0,479.0
483.0,661,Seacoast Bank @ SW 37th Boulevard,12001001519,882,12.8,5.3,0.0,478.0
484.0,489,Southbound SW 23rd Street @ Williston Road,12001001516,1562,8.5,5.4,0.0,482.5
485.0,511,First Church of the Nazarene,12001001701,3402,17.3,5.7,0.0,487.0
486.0,406,Northbound NW 23rd Terrace @ NW 62nd Avenue,12001001803,2802,5.0,4.0,0.0,483.0
487.0,1557,The Ridge @ SW 38th TER northbound,12001001522,4386,15.6,7.6,0.0,490.0
488.0,1499,NE 15th St @ NE 3rd Ave Nearside,12001000600,1734,20.2,11.8,0.0,492.0
489.0,1176,Fifield Hall,12001001514,1080,8.3,6.3,0.0,489.0
490.0,325,Verdant Cove Apartments,12001001400,896,3.6,5.5,0.0,484.5
491.0,124,Lincoln Estates Neighborhood,12001000700,2512,12.6,7.5,0.0,489.0
492.0,579,Southbound NE 25th Street @ NE 6th Avenue,12001000600,1734,20.2,11.8,0.0,496.0
493.0,1236,Cabana Beach Apartments (SW 52nd St),12001001605,4022,6.0,5.3,0.0,491.0
494.0,428,Southbound NW 21st Street @ NW 36th Avenue,12001001202,3217,0.6,0.9,0.0,491.0
495.0,122,Lincoln Estates,12001000700,2512,12.6,7.5,0.0,494.0
496.0,297,Eastbound SE 7th Avenue @ SE 15th Street,12001000700,2512,12.6,7.5,0.0,497.0
497.0,451,Lexington Crossing Apartments,12001001516,1562,8.5,5.4,0.0,497.0
498.0,135,Dignity Project,12001000700,2512,12.6,7.5,0.0,499.0
499.0,416,Pizza Hut @ NW 34th Street,12001001201,1358,3.3,3.1,0.0,495.0
500.0,556,Northbound NE 9th Street @ E University Avenue,12001000500,2796,10.7,4.8,0.0,500.0
501.0,986,Bank of America @ NW 43rd Street,12001001100,2940,7.3,3.5,0.0,503.0
502.0,335,Westbound SE 21st Avenue @ SE 32nd Terrace,12001000700,2512,12.6,7.5,0.0,505.0
503.0,1556,The Ridge @ SW 38th TER southbound,12001001522,4386,15.6,7.6,0.0,508.0
504.0,1069,Sunrise Subdivision,12001002218,1495,15.3,8.9,0.0,505.0
505.0,535,B'Nai Israel School & Day Care,12001001702,2361,5.5,4.0,0.0,504.0
506.0,128,Southbound SE 15th Street @ SE 14th Avenue,12001000700,2512,12.6,7.5,0.0,510.0
507.0,554,Salvation Army,12001000500,2796,10.7,4.8,0.0,510.0
508.0,1329,Alachua County Jail,12001001400,896,3.6,5.5,0.0,505.0
509.0,315,Eastbound SE 21st Avenue @ SE 32nd Terrace,12001000700,2512,12.6,7.5,0.0,513.0
510.0,403,Kangaroo Gas @ NW 34th Street,12001001803,2802,5.0,4.0,0.0,508.0
511.0,1560,Eastwood Meadows,12001001400,896,3.6,5.5,0.0,507.0
512.0,1392,Northbound NW 55th St @ NW 9th Ln,12001001702,2361,5.5,4.0,0.0,510.0
513.0,857,Episcopal Children's Services Northbound,12001000600,1734,20.2,11.8,0.0,517.0
514.0,833,Addison Lane,12001001522,4386,15.6,7.6,0.0,521.0
515.0,462,University of Florida Energy Research,12001001514,1080,8.3,6.3,0.0,520.0
516.0,460,Towne Parc Apartments,12001110800,898,12.0,8.9,0.0,519.0
517.0,379,Northbound NW 21st Avenue @ NW 33rd Avenue,12001001203,1619,5.6,3.9,0.0,517.0
518.0,1479,Sorrento New Home Community,12001001202,3217,0.6,0.9,0.0,516.0
519.0,1628,SW 52nd St @ Cabana Beach,12001001605,4022,6.0,5.3,0.0,519.0
520.0,570,Eastbound NE 8th Avenue @ NE 22nd Street,12001000600,1734,20.2,11.8,0.0,525.0
521.0,1393,Northbound NW 55th ST @ NW 14th AVE,12001001702,2361,5.5,4.0,0.0,520.0
522.0,754,NE 23rd Ave Farside NE 14th St Westbound,12001000400,2341,18.2,8.7,0.0,521.0
523.0,1503,Southbound Metcalfe Elementary School,12001000400,2341,18.2,8.7,0.0,523.0
524.0,587,Fred Cone Park,12001000600,1734,20.2,11.8,0.0,528.0
525.0,61,Dignity Project,12001000700,2512,12.6,7.5,0.0,526.0
526.0,1118,Arredondo Farms,12001002220,1044,6.8,6.9,0.0,522.0
527.0,55,Second Avenue Center Apartments,12001000202,1860,25.1,12.7,0.0,528.0
528.0,1169,Northwood Pines Neighborhood,12001001202,3217,0.6,0.9,0.0,521.0
529.0,1384,Metrocorp Center,12001001201,1358,3.3,3.1,0.0,524.0
530.0,1542,The Polos Southwest Entrance,12001001517,2597,11.4,6.8,0.0,528.0
531.0,590,Southbound SE 43rd Street @ E University Avenue,12001000600,1734,20.2,11.8,0.0,534.5
532.0,13,Beaty Towers,12001000902,164,30.5,16.9,0.0,528.0
533.0,764,Gainesville Shopping Center South,12001000301,1952,14.1,7.2,0.0,531.5
534.0,448,Westbound SW 40th Place @ NW 26th Terrace,12001001516,1562,8.5,5.4,0.0,532.0
535.0,326,Eastwood Meadows,12001001400,896,3.6,5.5,0.0,529.0
536.0,813,Kensington Apartments North,12001001522,4386,15.6,7.6,0.0,537.0
537.0,342,Alachua County Sheriffs Department,12001000600,1734,20.2,11.8,0.0,538.0
538.0,482,University of Florida Energy Research,12001001515,2932,9.4,7.0,0.0,534.0
539.0,983,Millhopper Pines Apartments,12001001702,2361,5.5,4.0,0.0,534.0
540.0,1395,Southbound NW 55th ST @ NW 9th LN,12001001702,2361,5.5,4.0,0.0,535.0
541.0,1439,Cohens Temple,12001000600,1734,20.2,11.8,0.0,544.0
542.0,6,720 SW 2nd Ave,12001000201,2308,21.1,10.6,0.0,536.0
543.0,1428,FDOT Operations Center,12001001400,896,3.6,5.5,0.0,536.0
544.0,1502,Northbound Metcalfe Elementary School,12001000400,2341,18.2,8.7,0.0,540.0
545.0,795,The Retreat Apartments,12001000808,1699,7.2,6.0,0.0,538.0
546.0,394,Family Dollar @ NW 34th Street,12001001202,3217,0.6,0.9,0.0,538.0
547.0,419,NW 39th Avenue @ NW 34th Street,12001001202,3217,0.6,0.9,0.0,540.0
548.0,346,Westbound E University Avenue @ SE 21st Street,12001000600,1734,20.2,11.8,0.0,551.0
549.0,380,Kiwanis Park,12001001203,1619,5.6,3.9,0.0,542.0
550.0,682,Budget Inn,12001002101,885,0.6,0.8,0.0,543.0
551.0,316,SE 35th St @ SE 21st Avenue,12001000700,2512,12.6,7.5,0.0,546.5
552.0,427,Altrusa House of Gainesville,12001001203,1619,5.6,3.9,0.0,545.0
553.0,398,Sorrento New Home Community,12001001202,3217,0.6,0.9,0.0,545.0
554.0,162,Tire Kingdom @ Newberry Road,12001001605,4022,6.0,5.3,0.0,545.0
555.0,714,Boulware Charter School,12001000400,2341,18.2,8.7,0.0,548.0
556.0,174,Terwilliger Elementary School,12001001605,4022,6.0,5.3,0.0,547.0
557.0,1396,Eastbound SW 24th Ave @ Majestic Oaks,12001002217,2967,15.9,6.6,0.0,550.0
558.0,381,Altrusa House of Gainesville,12001001203,1619,5.6,3.9,0.0,550.0
559.0,529,First Church of the Nazarene,12001001702,2361,5.5,4.0,0.0,552.0
560.0,188,Regal Royal Park Stadium 16,12001001605,4022,6.0,5.3,0.0,553.0
561.0,1440,Mt. Olive Primitive Baptist Church,12001000600,1734,20.2,11.8,0.0,559.0
562.0,84,Northbound SE 15th Street @ SE 13th Place,12001000700,2512,12.6,7.5,0.0,556.5
563.0,228,Northbound NW 6th Street @ NW 33rd Avenue,12001000302,1363,11.6,6.7,0.0,555.5
564.0,389,Westbound NW 39th Avenue @ NW 31st Street,12001001202,3217,0.6,0.9,0.0,557.0
565.0,1505,Planned Furnishings,12001000500,2796,10.7,4.8,0.0,560.0
566.0,1001,Santa Fe College @ NW 83rd Street,12001001701,3402,17.3,5.7,0.0,561.0
567.0,308,Eastbound Hawthorne Road @ SE 26th Street,12001000700,2512,12.6,7.5,0.0,561.0
568.0,461,University Club Apartments,12001110800,898,12.0,8.9,0.0,563.0
569.0,909,Episcopal Children's Services,12001000500,2796,10.7,4.8,0.0,566.0
570.0,1004,Windsor Assisted Living,12001001701,3402,17.3,5.7,0.0,568.0
571.0,390,NW 39th Avenue @ NW 34th Street,12001001202,3217,0.6,0.9,0.0,565.0
572.0,488,Countryside at the University Apartments,12001001516,1562,8.5,5.4,0.0,569.0
573.0,560,Northbound NE 9th Street @ NE 8th Avenue,12001000500,2796,10.7,4.8,0.0,572.0
574.0,695,Oakbrook Walk Condominiums,12001000806,1491,18.9,8.7,0.0,577.0
575.0,277,NW 6th Street @ NW 19th Lane,12001000301,1952,14.1,7.2,0.0,575.0
576.0,947,Gainesville Place Apartments @ SW 35th Place,12001001517,2597,11.4,6.8,0.0,576.0
577.0,856,UF Health Family Medicine Eastside Northbound,12001000600,1734,20.2,11.8,0.0,580.0
578.0,1394,Southbound NW 55th ST @ NW 14th AVE,12001001702,2361,5.5,4.0,0.0,576.0
579.0,585,Eastbound SE 25th Terrace @ E University Avenue,12001000600,1734,20.2,11.8,0.0,583.0
580.0,1379,Westbound NW 39th AVE @ NW 10th ST,12001000302,1363,11.6,6.7,0.0,577.0
581.0,429,Glen Springs Apartments,12001001202,3217,0.6,0.9,0.0,577.0
582.0,978,Lenox Place Apartments,12001001702,2361,5.5,4.0,0.0,579.0
583.0,334,Southbound SE 35th Street @ SE 20th Avenue,12001000700,2512,12.6,7.5,0.0,580.0
584.0,4,The Continuum,12001000500,2796,10.7,4.8,0.0,581.0
585.0,829,Forest View Apartments,12001001605,4022,6.0,5.3,0.0,580.0
586.0,1002,Santa Fe College @ NW 83rd Street (Northbound),12001001701,3402,17.3,5.7,0.0,584.0
587.0,801,UF Bat Houses,12001000901,237,49.8,28.7,0.0,586.0
588.0,581,Southbound NE 25th Street @ NE 3rd Place,12001000600,1734,20.2,11.8,0.0,588.0
589.0,1124,Dogwood Dog Park,12001002220,1044,6.8,6.9,0.0,584.0
590.0,723,Highland Court,12001001902,1361,16.8,9.7,0.0,590.0
591.0,913,Southbound SE 11th Street @ SE 2nd Avenue,12001000700,2512,12.6,7.5,0.0,586.0
592.0,701,CVS Pharmacy @ N Main Street,12001000301,1952,14.1,7.2,0.0,587.0
593.0,910,UF Health Family Medicine Eastside,12001000500,2796,10.7,4.8,0.0,587.0
594.0,306,Eastbound University Avenue @ SE 24th Street,12001000600,1734,20.2,11.8,0.0,592.0
595.0,627,Southbound NE 9th Street @ NE 7th Avenue,12001000500,2796,10.7,4.8,0.0,589.0
596.0,418,Southbound NW 34th Street @ NW 41st Avenue,12001001201,1358,3.3,3.1,0.0,586.0
597.0,1049,Tower Road Branch Library,12001002219,2774,16.5,9.1,0.0,592.0
598.0,818,Redpoint Apartments,12001001605,4022,6.0,5.3,0.0,596.0
599.0,853,Northbound SE 11th Street @ SE 2nd Avenue,12001000700,2512,12.6,7.5,0.0,596.5
600.0,426,Ridgeview Baptist Church,12001001202,3217,0.6,0.9,0.0,594.0
601.0,1240,Northbound NE 25th Street @ NE 3rd Place,12001000600,1734,20.2,11.8,0.0,601.0
602.0,945,Ridgemar Commons,12001001517,2597,11.4,6.8,0.0,597.0
603.0,1374,Westbound NW 39th AVE @ NW 19th TER,12001001203,1619,5.6,3.9,0.0,597.0
604.0,592,Lake Forest Trails Neighborhood,12001000600,1734,20.2,11.8,0.0,607.0
605.0,1455,North Walmart Supercenter,12001001803,2802,5.0,4.0,0.0,600.0
606.0,1389,Eastbound NW 39th AVE @ NW 37th ST,12001001100,2940,7.3,3.5,0.0,602.0
607.0,1373,CVS @ SW 13th St,12001000808,1699,7.2,6.0,0.0,600.0
608.0,934,Campus Church of Christ,12001001000,3509,6.5,4.1,0.0,601.5
609.0,40,Shands Care Helicopter Pad,12001000809,791,3.0,3.1,0.0,602.0
610.0,292,The Cotton Club,12001000700,2512,12.6,7.5,0.0,610.0
611.0,153,Westbound University Avenue @ NW 22nd Street,12001001000,3509,6.5,4.1,0.0,607.0
612.0,555,Eastbound E University Avenue @ SE 8th Street,12001000500,2796,10.7,4.8,0.0,611.0
613.0,632,Florida School of Traditional Midwifery,12001000500,2796,10.7,4.8,0.0,614.0
614.0,53,Innovation Square East,12001000201,2308,21.1,10.6,0.0,612.0
615.0,304,Eastbound University Avenue @ SE 21st Street,12001000600,1734,20.2,11.8,0.0,619.5
616.0,435,State Farm Insurance @ NW 13th Street,12001001000,3509,6.5,4.1,0.0,614.0
617.0,571,Northbound NE 24th Street @ NE 8th Avenue,12001000600,1734,20.2,11.8,0.0,622.0
618.0,1105,Cricket Club Apartments,12001002207,1455,0.4,0.7,0.0,615.0
619.0,217,Big Ron's Yoga,12001000301,1952,14.1,7.2,0.0,617.0
620.0,111,Southbound SE 15th Street @ SE 4th Avenue,12001000700,2512,12.6,7.5,0.0,618.5
621.0,756,Westbound NE 23rd Avenue @ NE 9th Street,12001000400,2341,18.2,8.7,0.0,619.0
622.0,1039,Kanapaha Station Plaza,12001002219,2774,16.5,9.1,0.0,622.0
623.0,666,Health Science Center Administration,12001000809,791,3.0,3.1,0.0,621.0
624.0,444,University Housing Office,12001000902,164,30.5,16.9,0.0,622.0
625.0,1388,Sable Chase Neighborhood,12001001100,2940,7.3,3.5,0.0,623.0
626.0,279,Little Warriors Day School,12001000301,1952,14.1,7.2,0.0,624.0
627.0,425,Eastbound NW 39th Ave at NW 19th St Green Tree Pk,12001001202,3217,0.6,0.9,0.0,623.0
628.0,1020,Southbound NW 43rd Street @ NW 19th Avenue,12001001702,2361,5.5,4.0,0.0,626.0
629.0,378,Misty Oaks Apartments,12001001203,1619,5.6,3.9,0.0,627.0
630.0,814,Pinetree Gardens,12001001522,4386,15.6,7.6,0.0,634.0
631.0,538,Covenant Church,12001001000,3509,6.5,4.1,0.0,631.0
632.0,597,Sunrise Store @ SE 43rd Street,12001001400,896,3.6,5.5,0.0,630.0
633.0,634,Alachua County School Board Administration,12001000500,2796,10.7,4.8,0.0,635.0
634.0,711,Chelsea Apartments Eastbound,12001000400,2341,18.2,8.7,0.0,635.0
635.0,82,McPherson Recreational Center,12001000700,2512,12.6,7.5,0.0,635.0
636.0,430,Misty Oaks Apartments,12001001202,3217,0.6,0.9,0.0,634.0
637.0,1568,The Lark Apartments,12001000806,1491,18.9,8.7,0.0,639.0
638.0,1108,Sunrise Subdivision (Southbound),12001002207,1455,0.4,0.7,0.0,636.0
639.0,617,Westbound NE 8th Avenue @ NE 23nd Street,12001000600,1734,20.2,11.8,0.0,641.0
640.0,1283,Ft Clarke Middle School,12001002204,5356,5.5,3.9,0.0,637.0
641.0,215,Williams Fellowship Hall,12001000201,2308,21.1,10.6,0.0,638.0
642.0,946,Victoria Station Apartments,12001001517,2597,11.4,6.8,0.0,640.0
643.0,1387,Sable Chase Neighborhood,12001001201,1358,3.3,3.1,0.0,639.0
644.0,589,Eastside Plaza,12001000600,1734,20.2,11.8,0.0,648.0
645.0,358,The Cotton Club,12001000700,2512,12.6,7.5,0.0,643.0
646.0,684,UF Health Florida Recovery Center,12001000808,1699,7.2,6.0,0.0,642.0
647.0,1120,Life Storage,12001002220,1044,6.8,6.9,0.0,643.0
648.0,1359,Gainesville Healthcare Center,12001000809,791,3.0,3.1,0.0,644.0
649.0,129,McPherson Recreational Center,12001000700,2512,12.6,7.5,0.0,646.0
650.0,1611,NW 2nd Lane @ NW 140th Way,12001002204,5356,5.5,3.9,0.0,647.0
651.0,395,YMCA @ NW 34th Street,12001001202,3217,0.6,0.9,0.0,647.0
652.0,280,American Auto Insurance,12001000301,1952,14.1,7.2,0.0,649.0
653.0,1179,Pressly Softball Stadium,12001000901,237,49.8,28.7,0.0,653.0
654.0,360,Norman Field,12001000202,1860,25.1,12.7,0.0,653.0
655.0,218,Bailey Village Assisted Living,12001000301,1952,14.1,7.2,0.0,652.0
656.0,1550,Hotel Eleo @ SW 16th Ave Westbound,12001000809,791,3.0,3.1,0.0,654.0
657.0,915,Triangle Club,12001000700,2512,12.6,7.5,0.0,655.0
658.0,322,E Hawthorne Road @ SE 39th Terrace,12001000700,2512,12.6,7.5,0.0,658.0
659.0,824,Hampton Oaks Apartments,12001001605,4022,6.0,5.3,0.0,658.0
660.0,1025,Landmark Woods Neighborhood,12001001702,2361,5.5,4.0,0.0,658.0
661.0,852,Triangle Club,12001000700,2512,12.6,7.5,0.0,661.0
662.0,999,Northridge Neighborhood,12001001701,3402,17.3,5.7,0.0,661.0
663.0,851,Eastbound SE 4th Avenue @ SE 8th Street,12001000500,2796,10.7,4.8,0.0,661.0
664.0,598,Eastside Plaza,12001000600,1734,20.2,11.8,0.0,664.0
665.0,1322,Rocky Point Apartments,12001001515,2932,9.4,7.0,0.0,661.0
666.0,324,Eastside High School,12001001400,896,3.6,5.5,0.0,661.0
667.0,1170,Pine Ridge Apartments,12001001202,3217,0.6,0.9,0.0,665.0
668.0,595,Lake Forest Trails Neighborhood,12001001400,896,3.6,5.5,0.0,666.0
669.0,823,Hampton Oaks Apartments,12001001605,4022,6.0,5.3,0.0,667.0
670.0,668,Ronald McDonald House of Gainesville,12001000809,791,3.0,3.1,0.0,667.5
671.0,1469,Eastbound University Avenue @ SW 23rd DR,12001001000,3509,6.5,4.1,0.0,667.0
672.0,333,Southbound Se 35th Street @ SE 18th Avenue,12001000700,2512,12.6,7.5,0.0,671.0
673.0,1259,Sunco @ E University Avenue,12001000600,1734,20.2,11.8,0.0,674.0
674.0,447,Hunters Run,12001001516,1562,8.5,5.4,0.0,671.0
675.0,317,Northbound SE 35th Street @ SE 18th Ave,12001000700,2512,12.6,7.5,0.0,674.0
676.0,1427,Holy Faith Catholic Church,12001001605,4022,6.0,5.3,0.0,674.0
677.0,189,Center for Independent Living,12001001605,4022,6.0,5.3,0.0,675.0
678.0,669,Liv+ Apartments 13th St,12001000809,791,3.0,3.1,0.0,675.0
679.0,154,Westbound University Avenue @ NW 23rd Drive,12001001000,3509,6.5,4.1,0.0,675.0
680.0,172,Oaks Mall SW 62nd Blvd,12001001605,4022,6.0,5.3,0.0,679.0
681.0,967,Hunters Run Apartments,12001001517,2597,11.4,6.8,0.0,680.0
682.0,393,Capri Neighborhood,12001001202,3217,0.6,0.9,0.0,679.0
683.0,707,Pine Grove Apartments,12001000400,2341,18.2,8.7,0.0,682.0
684.0,1137,Cypress Villas,12001001515,2932,9.4,7.0,0.0,682.0
685.0,1618,Queen of Peace Church,12001002208,1103,2.9,3.5,0.0,682.0
686.0,1239,Caroline Manor Affordable Housing,12001000600,1734,20.2,11.8,0.0,686.5
687.0,1116,Valwood Neighborhood,12001002221,2304,0.8,1.5,0.0,682.0
688.0,501,NW 30th Terrace @ NW 16th Avenue,12001001100,2940,7.3,3.5,0.0,685.0
689.0,132,Westbound SE 22nd Avenue @ SE 12th Street,12001000700,2512,12.6,7.5,0.0,686.0
690.0,859,Cabana Beach Apartments (Exit),12001001605,4022,6.0,5.3,0.0,686.0
691.0,1026,Holy Faith Catholic Church,12001001605,4022,6.0,5.3,0.0,689.0
692.0,391,Gethsemane Lutheran Church,12001001202,3217,0.6,0.9,0.0,690.0
693.0,1319,Gainesville Regional Airport Outbound,12001001902,1361,16.8,9.7,0.0,695.0
694.0,822,Palm Garden of Gainesville,12001001605,4022,6.0,5.3,0.0,694.0
695.0,330,Westbound Hawthorne Road @ SE 39th Street,12001000600,1734,20.2,11.8,0.0,697.0
696.0,677,The Landings Apartments,12001110800,898,12.0,8.9,0.0,694.0
697.0,678,Residence Inn,12001110800,898,12.0,8.9,0.0,696.0
698.0,85,Lincoln Estate Neighborhood,12001000700,2512,12.6,7.5,0.0,696.0
699.0,1280,Hidden Oak Elementary School,12001002204,5356,5.5,3.9,0.0,696.0
700.0,1110,Tower Road Library,12001002221,2304,0.8,1.5,0.0,697.0
701.0,320,Kangaroo @ SE 35th Street,12001000700,2512,12.6,7.5,0.0,701.0
702.0,759,Pine Grove Apartments,12001000400,2341,18.2,8.7,0.0,702.5
703.0,1166,Ironwood Golf Course,12001001902,1361,16.8,9.7,0.0,705.0
704.0,1595,UF Heart Health,12001000809,791,3.0,3.1,0.0,703.0
705.0,515,Hickory Woods Neighborhood,12001001701,3402,17.3,5.7,0.0,705.0
706.0,417,Capri Neighborhood,12001001201,1358,3.3,3.1,0.0,704.0
707.0,537,Willowcroft Neighborhood,12001001702,2361,5.5,4.0,0.0,705.0
708.0,1609,Jonesville Arbor Greens,12001002204,5356,5.5,3.9,0.0,705.5
709.0,331,Eastside Food Store,12001000700,2512,12.6,7.5,0.0,709.0
710.0,825,The Earl Apartments,12001001605,4022,6.0,5.3,0.0,709.0
711.0,96,Northbound SE 15th Street @ SE 3rd Avenue,12001000700,2512,12.6,7.5,0.0,711.0
712.0,282,D.R. Williams Fellowship Hall,12001000201,2308,21.1,10.6,0.0,709.0
713.0,103,Northbound SE 24th Street @ E University Avenue,12001000600,1734,20.2,11.8,0.0,714.0
714.0,1473,Fire Station,12001001605,4022,6.0,5.3,0.0,712.0
715.0,502,Zion Evangelical Lutheran Church,12001001100,2940,7.3,3.5,0.0,711.0
716.0,405,Pine Ridge Apartments,12001001803,2802,5.0,4.0,0.0,710.0
717.0,1016,Millhopper Branch Library,12001001701,3402,17.3,5.7,0.0,717.0
718.0,601,Fred Cone Park,12001000600,1734,20.2,11.8,0.0,721.0
719.0,1470,Gainesville Women's Club,12001001000,3509,6.5,4.1,0.0,717.0
720.0,510,Suburban Apartments,12001001701,3402,17.3,5.7,0.0,719.0
721.0,131,Westbound SE 22nd Avenue @ SE 13th Street,12001000700,2512,12.6,7.5,0.0,719.0
722.0,376,Cobblestone Apartments,12001001203,1619,5.6,3.9,0.0,721.0
723.0,1420,Southbound SW 13th ST @ SW 14th AVE,12001000809,791,3.0,3.1,0.0,723.0
724.0,1321,The Enclave Apartments,12001001515,2932,9.4,7.0,0.0,723.0
725.0,541,Raintree Neighborhood,12001001000,3509,6.5,4.1,0.0,724.0
726.0,1050,Bellamy Grand,12001002219,2774,16.5,9.1,0.0,725.0
727.0,1386,Breckenridge Neighborhood,12001001201,1358,3.3,3.1,0.0,724.0
728.0,729,Southbound SW 6th Street @ NW 36th Avenue,12001000302,1363,11.6,6.7,0.0,725.0
729.0,1009,Faith Presbyterian Church,12001001701,3402,17.3,5.7,0.0,728.0
730.0,1279,Hidden Oak Elementary School,12001002204,5356,5.5,3.9,0.0,726.0
731.0,791,Oakbrook Walk Condominiums @ SW 16th Avenue,12001000806,1491,18.9,8.7,0.0,728.0
732.0,396,Barnhill Clinic,12001001202,3217,0.6,0.9,0.0,726.0
733.0,917,Westbound SE 4th Avenue @ SE 8th Street,12001000500,2796,10.7,4.8,0.0,729.0
734.0,127,Lincoln Estates Neighborhood,12001000700,2512,12.6,7.5,0.0,730.0
735.0,1397,Westbound SW 24th Ave @ SW 61st St,12001002219,2774,16.5,9.1,0.0,734.0
736.0,375,Brook Wood Terrace Neighborhood,12001001203,1619,5.6,3.9,0.0,734.0
737.0,685,The Landings Apartments,12001000808,1699,7.2,6.0,0.0,735.0
738.0,1400,Westbound SW 24th AVE @ SW 84th ST,12001002207,1455,0.4,0.7,0.0,736.0
739.0,1038,A Child's Place,12001002219,2774,16.5,9.1,0.0,739.0
740.0,1119,CROM Equipment Rentals,12001002220,1044,6.8,6.9,0.0,739.0
741.0,687,Bivens Cove Apartments,12001000808,1699,7.2,6.0,0.0,739.0
742.0,1405,Eastbound SW 24th AVE @ SW 84th ST,12001002221,2304,0.8,1.5,0.0,740.0
743.0,1184,Weed Science Building,12001000901,237,49.8,28.7,0.0,744.0
744.0,1006,Robin Lane Neighborhood,12001001701,3402,17.3,5.7,0.0,745.0
745.0,186,Life South Blood Center,12001001605,4022,6.0,5.3,0.0,744.0
746.0,681,US 441 South,12001110800,898,12.0,8.9,0.0,746.0
747.0,67,Eastbound SE 22nd Avenue @ SE 13th Street,12001000700,2512,12.6,7.5,0.0,747.0
748.0,539,Brywood Neighborhood,12001001000,3509,6.5,4.1,0.0,746.0
749.0,498,NW 24th St @ NW 16th Avenue,12001001100,2940,7.3,3.5,0.0,750.0
750.0,433,Brookwood Terrace,12001001100,2940,7.3,3.5,0.0,752.0
751.0,1121,SunState,12001002220,1044,6.8,6.9,0.0,752.0
752.0,319,Northbound SE 35th Street @ SE 16th Avenue,12001000700,2512,12.6,7.5,0.0,752.5
753.0,994,Faith Presbyterian Church,12001001811,3147,12.6,7.9,0.0,754.0
754.0,794,Sai Quick Stop,12001000808,1699,7.2,6.0,0.0,753.0
755.0,987,Millhopper Branch Library,12001001100,2940,7.3,3.5,0.0,757.0
756.0,414,Barnhill Clinic,12001001201,1358,3.3,3.1,0.0,755.0
757.0,514,Westbound NW 23rd Avenue @ NW 63rd Terrace,12001001701,3402,17.3,5.7,0.0,756.5
758.0,1174,Lacrosse Field,12001001514,1080,8.3,6.3,0.0,758.0
759.0,332,Southbound SE 35th Street @ SE 16th Avenue,12001000700,2512,12.6,7.5,0.0,757.0
760.0,977,Millennium Center,12001001605,4022,6.0,5.3,0.0,758.0
761.0,1000,The Arc,12001001701,3402,17.3,5.7,0.0,761.0
762.0,820,Spyglass Apartments,12001001605,4022,6.0,5.3,0.0,761.0
763.0,521,Santa Fe College,12001001701,3402,17.3,5.7,0.0,763.0
764.0,486,Gator Place Condominiums,12001001516,1562,8.5,5.4,0.0,762.0
765.0,495,Westbound NW 16th Avenue @ NW 20th Way,12001001100,2940,7.3,3.5,0.0,763.0
766.0,66,Eastbound SE 22nd Avenue @ SE 12th Street,12001000700,2512,12.6,7.5,0.0,764.0
767.0,500,NW 27th Terrace @ NW 16th Avenue,12001001100,2940,7.3,3.5,0.0,765.0
768.0,156,West University Ave @ NW 28th St,12001001000,3509,6.5,4.1,0.0,764.0
769.0,518,Santa Fe College @ NW 83rd Street,12001001701,3402,17.3,5.7,0.0,767.0
770.0,531,Eastbound NW 23rd Avenue @ NW 46th Street,12001001702,2361,5.5,4.0,0.0,765.5
771.0,485,Southwood Apartments,12001001515,2932,9.4,7.0,0.0,766.0
772.0,997,Robin Lane Neighborhood,12001001811,3147,12.6,7.9,0.0,769.0
773.0,1024,Landmark Woods Neighborhood,12001001702,2361,5.5,4.0,0.0,772.0
774.0,878,Ironwood Golf Course,12001000400,2341,18.2,8.7,0.0,774.0
775.0,599,Morningside Nature Center,12001000600,1734,20.2,11.8,0.0,775.0
776.0,163,Allstate Insurance @ Newberry Road,12001001605,4022,6.0,5.3,0.0,774.0
777.0,329,Chevron Food Mart @ SE 43rd Street,12001000600,1734,20.2,11.8,0.0,776.0
778.0,689,Boardwalk Apartments,12001000808,1699,7.2,6.0,0.0,777.5
779.0,690,Comfort Suites Hotel,12001000808,1699,7.2,6.0,0.0,778.5
780.0,979,Landmark Woods Neighborhood,12001001702,2361,5.5,4.0,0.0,780.0
781.0,1624,SW 6th St & SW 3rd Ave,12001000202,1860,25.1,12.7,0.0,780.5
782.0,1023,Suburban Heights Neighborhood,12001001702,2361,5.5,4.0,0.0,781.0
783.0,588,Morningside Nature Center,12001000600,1734,20.2,11.8,0.0,784.0
784.0,1040,Town & Country Veterinarians,12001002219,2774,16.5,9.1,0.0,783.0
785.0,1625,SW 6th St & SW 3rd Ave (southbound),12001000202,1860,25.1,12.7,0.0,784.0
786.0,229,Northbound NW 6th Street @ NW 36th Avenue,12001000302,1363,11.6,6.7,0.0,784.0
787.0,517,Shenandoah Neighborhood,12001001701,3402,17.3,5.7,0.0,786.0
788.0,526,Eastbound NW 23rd Avenue @ NW 63rd Terrace,12001001702,2361,5.5,4.0,0.0,786.0
789.0,667,Summit House Condominiums,12001000809,791,3.0,3.1,0.0,788.0
790.0,1287,Paddock Club Apartments,12001002204,5356,5.5,3.9,0.0,788.0
791.0,1115,Stillwind Neighborhood,12001002221,2304,0.8,1.5,0.0,791.5
792.0,323,Chevron Food Mart @ SE 43rd Street,12001001400,896,3.6,5.5,0.0,793.0
793.0,1472,Mavis Tires,12001001605,4022,6.0,5.3,0.0,793.0
794.0,523,Shenandoah Neighborhood,12001001702,2361,5.5,4.0,0.0,794.0
795.0,827,Lakewood Villas Apartments,12001001605,4022,6.0,5.3,0.0,795.0
796.0,1619,Queen of Peace Church (Eastbound),12001002222,2980,1.9,1.5,0.0,795.0
797.0,522,The Pentecostals of Gainesville,12001001702,2361,5.5,4.0,0.0,797.0
798.0,544,NW 16th Avenue @ NW 20th Way,12001001000,3509,6.5,4.1,0.0,799.0
799.0,159,Fire Station @ W University Ave,12001001605,4022,6.0,5.3,0.0,799.0
800.0,1623,SW 6th St nearside SW 5th Ave (southbound),12001000202,1860,25.1,12.7,0.0,801.0
801.0,1276,Paddock Club Apartments,12001002204,5356,5.5,3.9,0.0,801.0
802.0,490,The Polos Apartments,12001001516,1562,8.5,5.4,0.0,804.0
803.0,167,SunTrust Bank @ Newberry Road,12001001605,4022,6.0,5.3,0.0,805.0
804.0,1617,SW 24th Avenue & School House Road (Eastbound),12001002222,2980,1.9,1.5,0.0,805.0
805.0,1033,Westbound Archer Road @ SW 50th Street,12001002219,2774,16.5,9.1,0.0,805.0
806.0,672,City College Gainesville,12001000809,791,3.0,3.1,0.0,806.0
807.0,1125,Hailey Forest Condominiums,12001002220,1044,6.8,6.9,0.0,807.0
808.0,787,Treehouse Village Apartments,12001000700,2512,12.6,7.5,0.0,808.0
809.0,1044,Kanapaha Middle School,12001002219,2774,16.5,9.1,0.0,808.0
810.0,980,NW 14th Place @ NW 43rd Street,12001001702,2361,5.5,4.0,0.0,808.0
811.0,1048,Kanapaha Park,12001002219,2774,16.5,9.1,0.0,810.0
812.0,693,home2 Hotel,12001000808,1699,7.2,6.0,0.0,810.0
813.0,1111,Kenwood Neighborhood,12001002221,2304,0.8,1.5,0.0,810.0
814.0,981,Northbound NW 43rd Street @ NW 16th Place,12001001702,2361,5.5,4.0,0.0,813.0
815.0,1616,SW 24th Avenue & School House Road,12001002208,1103,2.9,3.5,0.0,815.0
816.0,1046,Tower Village Apartments,12001002219,2774,16.5,9.1,0.0,816.0
817.0,1022,Southbound NW 43rd Street @ NW 15th Place,12001001702,2361,5.5,4.0,0.0,816.0
818.0,1612,Town of Tioga,12001002204,5356,5.5,3.9,0.0,817.0
819.0,774,Treehouse Village Apartments,12001000808,1699,7.2,6.0,0.0,819.0
820.0,670,Dollar General,12001000809,791,3.0,3.1,0.0,820.0
821.0,184,Alarion Bank,12001001605,4022,6.0,5.3,0.0,821.0
822.0,166,Gainesville Health & Fitness,12001001605,4022,6.0,5.3,0.0,822.0
823.0,692,Village Square,12001000808,1699,7.2,6.0,0.0,824.0
824.0,182,Gainesville Health & Fitness,12001001605,4022,6.0,5.3,0.0,824.0
825.0,1553,Health Department,12001000600,1734,20.2,11.8,0.0,825.0
826.0,1622,SW 6th St nearside SW 5th Ave,12001000202,1860,25.1,12.7,0.0,825.0
827.0,676,Chop Stix Cafe,12001110800,898,12.0,8.9,0.0,827.0
828.0,1035,Kanapaha Botanical Gardens,12001002219,2774,16.5,9.1,0.0,828.0
829.0,1613,Town of Tioga (Eastbound),12001002202,2553,1.6,2.1,0.0,829.0
830.0,1278,Northbound Fort Clarke Boulevard @ Eagle Point,12001002204,5356,5.5,3.9,0.0,829.0
831.0,1113,Tower Village,12001002221,2304,0.8,1.5,0.0,830.0
832.0,686,CDS Family and Behavioral Services,12001000808,1699,7.2,6.0,0.0,831.0
833.0,1114,Haile Plantation Neighborhood,12001002221,2304,0.8,1.5,0.0,833.0
834.0,1285,Southbound Fort Clarke Boulevard @ Eagle Point,12001002204,5356,5.5,3.9,0.0,833.0
835.0,1311,Depot Ave Farside SW 3rd St,12001000202,1860,25.1,12.7,0.0,836.0
836.0,1036,Westgate Mobile Manor Park,12001002219,2774,16.5,9.1,0.0,837.0
837.0,671,Lakeshore Towers Apartments,12001000809,791,3.0,3.1,0.0,837.0
838.0,165,Orthopedic Institute,12001001605,4022,6.0,5.3,0.0,837.0
839.0,1112,Vet Mem PK,12001002221,2304,0.8,1.5,0.0,838.0
840.0,819,Rockwood Villas Apartments,12001001605,4022,6.0,5.3,0.0,839.0
841.0,1312,Depot Ave nearside SW 3rd St,12001000202,1860,25.1,12.7,0.0,840.0
842.0,1122,Westgate Manor Park,12001002220,1044,6.8,6.9,0.0,842.0
843.0,516,Quail Ridge Neighborhood,12001001701,3402,17.3,5.7,0.0,843.0
844.0,1275,Westbound Newberry Road @ Fort Clarke Boulevard,12001002204,5356,5.5,3.9,0.0,844.0
845.0,1123,Broken Arrow Bluff Community,12001002220,1044,6.8,6.9,0.0,845.0
846.0,1288,Eastbound Newberry Road @ Fort Clarke Boulevard,12001002207,1455,0.4,0.7,0.0,846.0
847.0,1277,Legacy @ Fort Clarke Apartments,12001002204,5356,5.5,3.9,0.0,847.0
848.0,828,Rockwood Villas Apartments,12001001605,4022,6.0,5.3,0.0,848.0
849.0,1286,Legacy @ Fort Clarke Apartments,12001002204,5356,5.5,3.9,0.0,849.0
850.0,524,Quail Ridge Neighborhood,12001001702,2361,5.5,4.0,0.0,850.0
