stop_id,stop_name,stop_lat,stop_lon,routes,daily_trips,mean_lst_c,pct_green,pct_no_vehicle,shelter_status,lst_percentile,transit_dependence,shade_need,shade_need_rank,top20_shade_need
807,University Village South Apartments,29.637748,-82.370373,"20,21,33,52",163,42.14352416992188,32.9,49.78902953586498,none,0.8986784140969163,1.5,0.9045,1,True
966,Weimer Hall,29.64857,-82.347334,"9,12,33,38,118",248,43.712918526785714,16.9,30.48780487804878,none,0.9581497797356828,1.1091022502831978,0.8831,2,True
365,Theory Apartments,29.6562569,-82.3390819,"8,10,13",96,44.57828267415365,10.8,21.14384748700173,none,0.9779735682819384,0.9198638997451218,0.8024,3,True
842,Southwest Recreation Center,29.638171,-82.369247,20,61,42.94894263857887,42.9,49.78902953586498,none,0.9273127753303965,1.5,0.7942,4,True
1305,Best Buy @ Butler Plaza,29.621519,-82.380752,37,52,45.22605387369792,4.5,15.617875056999544,none,0.9911894273127754,0.8079492297601685,0.7648,5,True
1027,Best Buy @ Butler Plaza,29.621328,-82.380919,37,54,45.75497817993164,5.5,15.617875056999544,none,0.9955947136563876,0.8079492297601685,0.7601,6,True
199,Keene Flint Hall,29.651982,-82.344247,"5,43",34,42.41888427734375,25.3,30.48780487804878,none,0.9096916299559471,1.1091022502831978,0.7537,7,True
806,Southwest Recreation Center,29.638113,-82.369364,20,61,42.33019660500919,45.5,49.78902953586498,none,0.9052863436123348,1.5,0.7401,8,True
724,Westbound NE 39th Ave at Main St - Gsville Nissan,29.688531,-82.319097,15,23,43.66512522977941,7.1,16.82586333578251,none,0.9559471365638766,0.8324139934335614,0.7392,9,True
28,Bonefish Grill Seafood Restaurant @ Butler Plaza,29.624804,-82.377613,1,42,44.215850830078125,6.7,15.617875056999544,none,0.9647577092511013,0.8079492297601685,0.7273,10,True
26,Whole Foods @ Butler Town Center,29.625604,-82.374394,1,42,43.916940400094695,6.3,15.617875056999544,none,0.960352422907489,0.8079492297601685,0.727,11,True
1254,Gator Corner Dining Facility @ Gale Lemerand,29.648167,-82.349618,"9,12,33,38,118",248,43.1219482421875,30.6,30.48780487804878,none,0.9361233480176211,1.1091022502831978,0.7206,12,True
926,Leigh Hall,29.6506378,-82.3446731,118,38,42.53231472439237,31.4,30.48780487804878,none,0.9118942731277533,1.1091022502831978,0.6938,13,True
198,St. Augustine Catholic Church,29.651977,-82.346434,"5,43",34,42.62545596852022,32.7,30.48780487804878,none,0.9140969162995595,1.1091022502831978,0.6823,14,True
1094,Clarion Inn,29.659342,-82.422241,75,27,41.984110514322914,6.4,15.908324907313784,none,0.8920704845814978,0.8138315607990667,0.6795,15,True
1192,Turlington Hall,29.648395,-82.343558,"9,12,33,38",210,43.23048967633929,35.4,30.48780487804878,none,0.9405286343612335,1.1091022502831978,0.6739,16,True
927,Ben Hill Griffin Stadium North End Zone,29.6510481,-82.3497907,118,38,41.81515066964285,31.7,30.48780487804878,none,0.8788546255506607,1.1091022502831978,0.6657,17,True
1554,Marshall's @ Plaza Blvd (Westbound),29.6279932,-82.3830788,33,61,42.18906947544643,9.6,15.617875056999544,none,0.9008810572687225,0.8079492297601685,0.658,18,True
27,Chili's Grill and Bar @ Butler Plaza,29.623782,-82.376087,1,42,41.798622131347656,9.9,15.617875056999544,none,0.8744493392070485,0.8079492297601685,0.6366,19,True
254,Big Lot on NW 13th Street,29.675139,-82.33899,"6,15",37,42.79223293728299,5.1,11.592076302274394,none,0.9185022026431718,0.7264168036092977,0.6332,20,True
1221,Eastbound NW 23rd Avenue @ NW 13th Street,29.673891,-82.33804,6,14,42.94181780133928,14.2,14.08811475409836,none,0.9251101321585903,0.7769677832140807,0.6167,21,False
369,CVS @ NW 13th Street,29.6664,-82.339045,8,16,45.16706431995738,21.8,14.08811475409836,none,0.986784140969163,0.7769677832140807,0.5996,22,False
439,NW 13th St @ Nearside NW 3rd Pl Southbound,29.654477,-82.339359,"8,10,13",99,44.54590606689453,1.6,6.52607580507267,none,0.9757709251101322,0.6238177079804916,0.599,23,False
468,Parking & Transportation Services,29.639791,-82.350387,"9,12,33",153,39.333231608072914,19.8,30.48780487804878,none,0.6674008810572687,1.1091022502831978,0.5937,24,False
1430,NE 39th Ave @ Waldo Rd,29.685182,-82.289826,26,13,43.014251708984375,27.4,18.24006834686032,none,0.9317180616740088,0.8610551582440376,0.5824,25,False
440,North 13th Street @ NW 1st Avenue,29.652932,-82.339365,"8,13",79,43.60009047564338,2.5,6.52607580507267,none,0.9515418502202643,0.6238177079804916,0.5787,26,False
44,Frazier Rogers Hall (Eastbound),29.644771,-82.345681,"1,8,20,21,37,43,52",229,41.37470354352679,39.2,30.48780487804878,none,0.8546255506607929,1.1091022502831978,0.5763,27,False
1318,GRACE Marketplace,29.683571,-82.286172,26,13,41.821849926097975,22.9,16.82586333578251,none,0.8810572687224669,0.8324139934335614,0.5655,28,False
438,The Gate Food Store @ NW 13th Street,29.655937,-82.339305,"8,10,13",99,44.7236328125,7.6,6.52607580507267,none,0.9801762114537445,0.6238177079804916,0.565,29,False
200,Anderson Hall,29.652,-82.34201,"5,43",34,42.40445709228516,44.4,30.48780487804878,none,0.9074889867841409,1.1091022502831978,0.5596,30,False
363,SW 13th Street & W University Avenue,29.651483,-82.339199,"8,13",76,41.72251510620117,31.4,21.14384748700173,none,0.8700440528634361,0.9198638997451218,0.549,31,False
373,Furniture Kingdom,29.674086,-82.340774,8,16,43.281710379464286,5.4,5.620753551575047,none,0.9449339207048458,0.6054826832380354,0.5412,32,False
1165,Hills Mini Storage,29.685727,-82.290364,26,13,43.270064742476855,31.3,16.82586333578251,none,0.9427312775330396,0.8324139934335614,0.5391,33,False
838,34th St Plaza,29.634039,-82.375158,"20,21",90,44.17249930245536,31.9,15.617875056999544,none,0.9625550660792952,0.8079492297601685,0.5296,34,False
197,Ben Hill Griffin Stadium,29.651975,-82.349049,"5,43",34,41.597900390625,44.9,30.48780487804878,none,0.8656387665198237,1.1091022502831978,0.529,35,False
1097,Oaks Mall,29.659514,-82.413875,"23,75",52,44.42370275548986,12.0,5.992043759323719,none,0.973568281938326,0.6130022323482037,0.5252,36,False
372,Lux 13 Apartments,29.67111,-82.339044,8,16,43.129196579391895,29.1,14.08811475409836,none,0.9383259911894273,0.7769677832140807,0.5169,37,False
1592,Pizza Hut Archer Rd Eastbound,29.624111,-82.375328,1,43,42.02427804129464,23.5,12.811791383219957,none,0.8942731277533039,0.7511190641595986,0.5139,38,False
2,Hampton Inn Hotel,29.650346,-82.323804,1,42,40.1463134765625,5.1,10.72961373390558,none,0.7599118942731278,0.7089497939678231,0.5113,39,False
15,Center Dr @ Museum Rd,29.644019,-82.347014,"1,21,37,38,52",189,40.10525430215372,39.0,30.48780487804878,none,0.7555066079295154,1.1091022502831978,0.5111,40,False
446,UF Health Archer Road,29.63905,-82.344089,"8,43",61,38.71212230009191,22.7,30.48780487804878,none,0.5881057268722467,1.1091022502831978,0.5042,41,False
249,NW 16th Ave NW 13th St,29.666801,-82.340521,10,20,44.94901090054898,20.8,7.312925170068027,none,0.9845814977973568,0.6397533624063481,0.4989,42,False
956,Old Archer Road @ SW 34th Street,29.626106,-82.372174,38,57,43.47962588355655,23.5,9.41336971350614,none,0.9493392070484582,0.6822925825849184,0.4955,43,False
57,Hippodrome Theatre,29.650203,-82.324144,1,43,39.94054845861486,5.4,10.72961373390558,none,0.737885462555066,0.7089497939678231,0.4949,44,False
56,Eastbound SW 2nd Ave @ SW 2nd St,29.650203,-82.326684,1,43,39.02466517857143,23.3,25.107526881720432,none,0.6387665198237885,1.0001382545315658,0.49,45,False
1099,SUBWAY@ Newberry RD,29.659774,-82.41348,"23,75",51,44.33612234933036,16.2,5.506141465480729,none,0.9691629955947136,0.6031615037616609,0.4899,46,False
546,NW 16th Ave @ NW 13th St,29.6665645,-82.3402284,10,20,45.22419569227431,21.3,6.52607580507267,none,0.9889867841409692,0.6238177079804916,0.4855,47,False
1559,Butler Plaza North,29.627096,-82.385165,23,25,39.8167961968316,18.4,15.617875056999544,none,0.7224669603524229,0.8079492297601685,0.4763,48,False
149,West Univ Avenue @ NW 17th Street,29.652158,-82.344574,"5,43",34,42.77614397321429,16.8,6.52607580507267,none,0.9162995594713657,0.6238177079804916,0.4756,49,False
808,Hilton University of Florida Conference Center,29.635893,-82.37268,"20,21",90,46.384033203125,41.8,15.617875056999544,none,0.9977973568281938,0.8079492297601685,0.4692,50,False
1181,UF Orthopaedics Institute,29.637827,-82.374012,"33,52",73,45.44908949908088,42.4,15.617875056999544,none,0.9933920704845814,0.8079492297601685,0.4623,51,False
1290,Alachua County Courthouse,29.650198,-82.325153,1,43,39.31123744419643,2.5,10.72961373390558,none,0.6629955947136564,0.7089497939678231,0.4583,52,False
1274,Krystal @ Newberry Road,29.659836,-82.424709,23,25,42.9958065257353,18.2,5.470500373412994,none,0.9295154185022027,0.6024396831034527,0.4581,53,False
815,Daily Mart,29.635731,-82.38821,"20,52",73,44.33914005055147,42.5,15.617875056999544,none,0.9713656387665198,0.8079492297601685,0.4513,54,False
1018,CVS @ Millhopper,29.674912,-82.389099,43,14,40.61659458705357,33.2,17.254556143445033,none,0.7995594713656388,0.8410960877983454,0.4492,55,False
236,Early Learning Coalition,29.694993,-82.339162,6,14,40.95619070870536,11.1,5.620753551575047,none,0.8237885462555066,0.6054826832380354,0.4434,56,False
1349,Hilton Garden Inn,29.623016,-82.385719,"1,37",97,40.23333217075893,28.8,15.617875056999544,none,0.7687224669603524,0.8079492297601685,0.4422,57,False
1549,Hilton Garden Inn,29.623194,-82.38657,"1,37",94,40.87271656709559,33.1,15.617875056999544,none,0.8171806167400881,0.8079492297601685,0.4417,58,False
1323,College Manor Apartments,29.650334,-82.337801,1,42,38.763368348817565,21.1,21.14384748700173,none,0.6035242290748899,0.9198638997451218,0.438,59,False
725,Southeast Car Agency,29.688578,-82.322195,15,23,40.99603794642857,37.5,16.82586333578251,none,0.8303964757709251,0.8324139934335614,0.432,60,False
145,Westbound W University Ave @ NW 10th St,29.652148,-82.334897,"5,10",40,39.17569247159091,29.1,21.14384748700173,none,0.6607929515418502,0.9198638997451218,0.431,61,False
100,GTEC,29.646204,-82.29622,3,14,41.8827482524671,35.3,12.61942675159236,none,0.8854625550660793,0.7472232024740616,0.4281,62,False
704,Kangaroo @ N Main St,29.666398,-82.324394,15,23,39.89907094594594,25.2,14.08811475409836,none,0.7334801762114538,0.7769677832140807,0.4263,63,False
259,ALDI Food Market,29.687607,-82.338857,"6,15",37,41.14677036830357,30.6,11.592076302274394,none,0.8436123348017621,0.7264168036092977,0.4253,64,False
663,UF Health Pediatric ER,29.641034,-82.342661,"13,17,43",100,38.08479927681588,21.2,30.48780487804878,none,0.48237885462555063,1.1091022502831978,0.4216,65,False
1497,Alachua School Bus Parking Lot,29.648572,-82.300287,3,14,39.84602355957031,36.1,20.242214532871973,none,0.7268722466960352,0.901603592480261,0.4188,66,False
1496,Family Dollar Shopping Center,29.645966,-82.295144,3,14,40.7871728515625,43.2,20.242214532871973,none,0.8105726872246696,0.901603592480261,0.4151,67,False
1552,Circle K @ Newberry/Tower Road,29.659585,-82.422572,23,25,42.273304658777576,8.3,0.4123711340206186,none,0.9030837004405287,0.5,0.4141,68,False
204,Innovation Square North,29.651968,-82.331959,"5,10",40,38.69252137880068,23.6,21.14384748700173,none,0.5859030837004405,0.9198638997451218,0.4118,69,False
248,Gainesville High School,29.667953,-82.339253,8,17,42.93970120337702,31.7,7.312925170068027,none,0.9229074889867841,0.6397533624063481,0.4033,70,False
3,Westbound SW 2nd Avenue @ SW 2nd Street,29.650397,-82.326459,1,42,39.08216768152573,12.9,10.72961373390558,none,0.6519823788546255,0.7089497939678231,0.4026,71,False
1100,West Newberry Rd Nearside NW 69th Ter,29.659768,-82.415987,"23,75",51,43.04347795758929,29.7,5.506141465480729,none,0.933920704845815,0.6031615037616609,0.396,72,False
144,Leonardo's 706,29.65215,-82.332359,"5,10",40,38.59250710227273,23.7,21.14384748700173,none,0.5638766519823789,0.9198638997451218,0.3958,73,False
1014,Allstate Insurance,29.687731,-82.389071,43,14,41.65768432617188,46.0,17.254556143445033,none,0.8678414096916299,0.8410960877983454,0.3942,74,False
1206,Arlington Square Apartments,29.649517,-82.322302,"1,5,10,11,15",122,41.00189732142857,33.5,10.72961373390558,none,0.8348017621145375,0.7089497939678231,0.3936,75,False
275,NW 6th St @ NW 22nd Ave,29.67277,-82.330886,"6,55",23,41.35810546875,41.0,14.08811475409836,none,0.8524229074889867,0.7769677832140807,0.3908,76,False
207,Alachua County Office of the State Attorney,29.651862,-82.326017,"5,10",40,38.66083441840278,5.1,10.72961373390558,none,0.579295154185022,0.7089497939678231,0.3897,77,False
171,Oaks Mall @ NW 62nd Blvd,29.656792,-82.408988,"20,23,75,76",183,41.5558651194853,27.4,5.992043759323719,none,0.8634361233480177,0.6130022323482037,0.3843,78,False
237,Sandy's Boutique,29.691988,-82.339157,6,14,40.25227399553572,18.9,5.620753551575047,none,0.7731277533039648,0.6054826832380354,0.3796,79,False
1372,Newberry Rd @ NW 75th,29.659854,-82.421213,23,25,41.006385803222656,24.8,5.470500373412994,none,0.8370044052863436,0.6024396831034527,0.3792,80,False
1135,Shands Visitor Parking,29.639637,-82.347288,"21,52",41,37.846795159417226,23.4,30.48780487804878,none,0.44493392070484583,1.1091022502831978,0.378,81,False
98,SE Hawthorne Rd @ SE 18th St Eastbound,29.64879,-82.301287,3,14,39.989013671875,32.4,12.61942675159236,none,0.7444933920704846,0.7472232024740616,0.3761,82,False
1341,Enclave 4,29.622783,-82.366766,38,54,40.1832275390625,29.1,9.41336971350614,none,0.7665198237885462,0.6822925825849184,0.3708,83,False
761,Sandwich Inn @ NE 16th Ave,29.666684,-82.323115,"3,15",37,39.38987938133446,37.4,18.24006834686032,none,0.6762114537444934,0.8610551582440376,0.3645,84,False
1154,Graham Hall,29.6460169,-82.3504445,118,38,38.462104348575366,38.9,30.48780487804878,none,0.5374449339207048,1.1091022502831978,0.3642,85,False
1081,Sparrow Apartments,29.645235,-82.420787,75,27,44.24193657769097,54.0,15.908324907313784,none,0.9669603524229075,0.8138315607990667,0.362,86,False
985,Thorn Brook Shops,29.675062,-82.388855,43,14,40.581642150878906,29.6,7.312925170068027,none,0.7951541850220264,0.6397533624063481,0.3581,87,False
442,Southbound SW 13th Street @ Inner Road,29.647665,-82.339517,"1,8,13,43",135,38.61381912231445,43.7,30.48780487804878,none,0.5682819383259912,1.1091022502831978,0.3548,88,False
840,Hilton University of Florida Conference Center,29.637361,-82.372355,"20,21",90,47.97209930419922,47.1,8.333333333333332,none,1.0,0.6604191627316935,0.3494,89,False
1072,Sparrow Apartments,29.645065,-82.421338,75,26,43.4616943359375,54.1,15.250836120401337,none,0.947136563876652,0.8005157794523101,0.348,90,False
367,Xerographic Copy Center,29.661041,-82.339065,"8,10",36,40.99410472196691,46.3,14.08811475409836,none,0.8281938325991189,0.7769677832140807,0.3455,91,False
802,Lakeside Apartments,29.642318,-82.366452,20,61,37.76176409040178,47.8,49.78902953586498,none,0.43832599118942733,1.5,0.3432,92,False
1012,Autumn Woods Neighborhood,29.688574,-82.394883,"43,55",23,41.35774230957031,52.2,17.254556143445033,none,0.8502202643171806,0.8410960877983454,0.3418,93,False
140,Alachua County Office of the State Attorney,29.652057,-82.326408,"5,10",40,38.32715503589528,7.0,10.72961373390558,none,0.5154185022026432,0.7089497939678231,0.3398,94,False
196,Pressly Stadium,29.650446,-82.355431,5,20,40.42673688616071,61.3,30.48780487804878,none,0.7841409691629956,1.1091022502831978,0.3366,95,False
1289,Pepboys Auto @ Newberry RD,29.659597,-82.424971,23,25,42.11674329969618,25.6,0.4123711340206186,none,0.8964757709251101,0.5,0.3335,96,False
60,SE 4th Street @ SE 10th Avenue,29.641666,-82.319959,"7,17",38,39.86144670758929,38.9,12.61942675159236,none,0.7290748898678414,0.7472232024740616,0.3329,97,False
148,Smathers Library,29.652194,-82.343083,"5,43",34,42.80048963758681,42.1,6.52607580507267,none,0.920704845814978,0.6238177079804916,0.3325,98,False
208,Bo Diddley Community Plaza,29.651871,-82.322744,"5,10,15",63,38.84540473090278,23.8,10.72961373390558,none,0.6145374449339207,0.7089497939678231,0.332,99,False
136,SE 4th Street @ SE 10th Ave,29.641648,-82.319843,"7,17",38,40.01579284667969,40.7,12.61942675159236,none,0.7466960352422908,0.7472232024740616,0.3309,100,False
1005,Springhill Professional Center,29.687951,-82.430174,"43,55",23,38.630392635569855,31.9,17.254556143445033,none,0.5770925110132159,0.8410960877983454,0.3306,101,False
532,NW 23rd Ave @ NW 43rd St,29.673993,-82.390196,10,20,40.54625447591146,31.4,5.506141465480729,none,0.7929515418502202,0.6031615037616609,0.3281,102,False
741,Gainesville Public Works,29.688362,-82.32783,15,23,39.07194688585069,30.6,11.592076302274394,none,0.6475770925110133,0.7264168036092977,0.3265,103,False
839,Florida Department Of Agriculture,29.635446,-82.372376,"20,21",90,44.78925916883681,50.2,8.333333333333332,none,0.9823788546255506,0.6604191627316935,0.3231,104,False
139,City Hall,29.652054,-82.323598,"5,10,15",63,38.730897645692565,23.3,10.72961373390558,none,0.5903083700440529,0.7089497939678231,0.321,105,False
740,Stephen Foster Elementary School @ 39th Ave,29.688428,-82.331785,"15,55",32,39.65307976217831,37.7,11.592076302274394,none,0.7048458149779736,0.7264168036092977,0.319,106,False
1089,Harbor Cove Apartments,29.653187,-82.414991,75,27,43.65061383928571,59.9,15.908324907313784,none,0.9537444933920705,0.8138315607990667,0.3113,107,False
203,University of Florida Human Resources,29.651962,-82.333751,"5,10",40,38.09847344292535,30.9,21.14384748700173,none,0.4889867841409692,0.9198638997451218,0.3108,108,False
256,Mount Pleasant Cemetary,29.679712,-82.33895,"6,15",37,39.83282470703125,41.3,11.592076302274394,none,0.724669603524229,0.7264168036092977,0.309,109,False
206,AT&T Building,29.651934,-82.328047,"5,10",40,38.09220504760742,10.6,10.72961373390558,none,0.4845814977973568,0.7089497939678231,0.3071,110,False
241,Grace Presbyterian Church,29.681354,-82.339209,6,14,39.649498833550346,29.8,5.620753551575047,none,0.7026431718061674,0.6054826832380354,0.2987,111,False
562,Sunny Food Mart,29.659271,-82.310291,11,17,41.05435519748264,49.8,10.72961373390558,none,0.8392070484581498,0.7089497939678231,0.2987,112,False
464,Mt Vernon Apartments @ SW 23rd Drive,29.635773,-82.358792,"9,12",92,39.44679129464286,34.6,8.333333333333332,none,0.6872246696035242,0.6604191627316935,0.2968,113,False
766,Fire Stone @ N Main Street,29.65817,-82.325113,15,23,38.009056091308594,12.3,10.72961373390558,none,0.46916299559471364,0.7089497939678231,0.2917,114,False
719,Village Green Apartments,29.683444,-82.30573,"15,26",36,40.182075051700366,56.0,18.24006834686032,none,0.76431718061674,0.8610551582440376,0.2896,115,False
762,Brakes 4 Less,29.665515,-82.324591,"3,15",37,38.476513671875,31.3,14.08811475409836,none,0.5418502202643172,0.7769677832140807,0.2892,116,False
727,Oasis Carwash,29.688606,-82.327849,15,23,38.6802547679228,32.6,11.592076302274394,none,0.5837004405286343,0.7264168036092977,0.2858,117,False
52,Eastbound SW 2nd Avenue @ SW 10th Street,29.650154,-82.33541,1,43,37.84686453683036,30.9,21.14384748700173,none,0.44713656387665196,0.9198638997451218,0.2842,118,False
1059,Linton Oaks Neighborhood @ SW 64th Terrace,29.6450648,-82.4116768,75,26,41.90484619140625,60.2,15.250836120401337,none,0.8876651982378855,0.8005157794523101,0.2828,119,False
512,Northwest Baptist Church,29.6742,-82.402283,"10,76",29,39.40357840401786,50.8,17.254556143445033,none,0.6784140969162996,0.8410960877983454,0.2807,120,False
89,Lincoln Estate Neighborhood,29.640199,-82.299548,3,14,40.3984619140625,52.4,12.61942675159236,none,0.7797356828193832,0.7472232024740616,0.2773,121,False
673,Stayable Select Hotel,29.624406,-82.339555,13,62,40.42722516741071,36.3,3.034134007585335,none,0.7863436123348018,0.5530972114845825,0.277,122,False
1608,Shell Rock Villas,29.644497,-82.409208,75,26,41.92556583180147,61.2,15.250836120401337,none,0.8898678414096917,0.8005157794523101,0.2764,123,False
1101,Tower Plaza,29.658162,-82.422504,75,26,41.074068777901786,34.5,0.4123711340206186,none,0.8414096916299559,0.5,0.2756,124,False
1325,Division of Blind Services,29.686504,-82.389063,43,14,40.42405482700893,58.2,17.254556143445033,none,0.7819383259911894,0.8410960877983454,0.2749,125,False
1136,Wilmot Gardens,29.639607,-82.349435,"21,52",41,37.99560876794764,47.1,30.48780487804878,none,0.4669603524229075,1.1091022502831978,0.274,126,False
109,Phase III Supply,29.647011,-82.297228,3,14,39.87222290039063,58.5,20.242214532871973,none,0.7312775330396476,0.901603592480261,0.2736,127,False
763,Publix @ N Main Street,29.663764,-82.324586,15,23,38.5787590874566,37.3,14.08811475409836,none,0.5594713656387665,0.7769677832140807,0.2726,128,False
1475,President's Park,29.65054,-82.355435,5,20,39.93737114800347,66.6,30.48780487804878,none,0.73568281938326,1.1091022502831978,0.2725,129,False
1117,Tower Square @ SW 75th Street,29.60064,-82.421481,75,26,40.46008639865451,32.7,0.8246527777777778,none,0.788546255506608,0.5083497275251369,0.2698,130,False
623,Westbound NE 13th Street @ NE 8th Avenue,29.659376,-82.308036,11,17,41.41991424560547,56.1,10.72961373390558,none,0.8590308370044053,0.7089497939678231,0.2674,131,False
1011,NW Grille Seafood,29.688528,-82.397711,"43,55",23,39.730594635009766,55.6,17.254556143445033,none,0.711453744493392,0.8410960877983454,0.2657,132,False
142,Seagle Building,29.652076,-82.328427,"5,10",40,37.836474609375,15.4,10.72961373390558,none,0.44273127753303965,0.7089497939678231,0.2655,133,False
746,Eden Park Apartments,29.688249,-82.307784,15,23,40.07361518012153,59.2,18.24006834686032,none,0.751101321585903,0.8610551582440376,0.2639,134,False
34,Direct Insurance @ Archer Road,29.627581,-82.371198,"1,38",100,39.75963338216146,46.0,9.41336971350614,none,0.7158590308370044,0.6822925825849184,0.2637,135,False
898,Rose Food Store,29.666562,-82.303197,"3,26",27,39.13136160714286,53.7,18.24006834686032,none,0.6585903083700441,0.8610551582440376,0.2626,136,False
1064,Treebecka Park Apartments,29.638507,-82.411938,"52,75,76",47,41.80593333524816,62.6,15.250836120401337,none,0.8766519823788547,0.8005157794523101,0.2625,137,False
1093,Park Place Car Wash,29.656295,-82.421376,75,27,41.41743977864584,63.7,15.908324907313784,none,0.8568281938325991,0.8138315607990667,0.2531,138,False
1364,Southbound SE 19th TER @ SE 12th AVE,29.640368,-82.29943,3,14,40.13941107855903,55.4,12.61942675159236,none,0.7577092511013216,0.7472232024740616,0.2525,139,False
1333,Enclave 1,29.62541,-82.367793,38,54,40.17761579241071,51.6,9.41336971350614,none,0.762114537444934,0.6822925825849184,0.2517,140,False
250,Gainesville High School Tennis Courts,29.666822,-82.343063,10,20,40.51187381228885,50.6,7.312925170068027,none,0.7907488986784141,0.6397533624063481,0.2499,141,False
1085,The Gardens Apartments,29.65307,-82.422247,75,27,40.6098861694336,61.7,15.908324907313784,none,0.7973568281938326,0.8138315607990667,0.2485,142,False
46,Beaty Towers,29.644707,-82.34082,"8,13,43",90,36.72529093424479,34.6,30.48780487804878,none,0.3392070484581498,1.1091022502831978,0.246,143,False
300,Fast Eddie's Restaurant,29.650775,-82.305763,"3,7",28,39.42319869995117,51.9,12.61942675159236,none,0.6828193832599119,0.7472232024740616,0.2454,144,False
143,Santa Fe College Charles L. Blount Center,29.652077,-82.330034,"5,10",40,37.51258002387153,15.5,10.72961373390558,none,0.40969162995594716,0.7089497939678231,0.2454,145,False
466,Forestry Field Lab/Plant Growth,29.638176,-82.356696,"9,12,21,33,52",194,40.675377739800346,54.3,8.333333333333332,none,0.8039647577092511,0.6604191627316935,0.2426,146,False
18,Shands Hospital @ Davis Cancer Pavilion,29.637023,-82.349885,"1,37,38",148,36.825714111328125,38.6,30.48780487804878,none,0.3524229074889868,1.1091022502831978,0.24,147,False
736,Wesley United Methodist Church,29.674021,-82.33484,"6,15",37,40.81235504150391,59.5,11.592076302274394,none,0.8127753303964758,0.7264168036092977,0.2391,148,False
1268,Brandywine Apartments,29.630199,-82.365372,38,54,40.10019003378378,54.9,9.41336971350614,none,0.7533039647577092,0.6822925825849184,0.2318,149,False
477,Cancer & Genetics Research Center,29.638915,-82.351413,"9,12,21,33,52",194,37.21216583251953,59.7,49.78902953586498,none,0.3832599118942731,1.5,0.2317,150,False
969,UF Health Professional Park,29.606183,-82.367751,12,43,39.04085625542535,50.2,11.43627262225645,none,0.6409691629955947,0.723261392022917,0.2309,151,False
1468,N Main Post Office,29.664846,-82.325668,3,28,38.2076653374566,41.3,14.08811475409836,none,0.5022026431718062,0.7769677832140807,0.229,152,False
22,Country Village,29.632046,-82.362534,1,42,38.98851776123047,44.9,8.333333333333332,none,0.6277533039647577,0.6604191627316935,0.2284,153,False
1621,SW 8th Ave @ Nearside SW 67th Terr,29.6450466,-82.4148202,75,26,40.85021232836174,65.2,15.250836120401337,none,0.8149779735682819,0.8005157794523101,0.227,154,False
99,SE Hawthorne Rd @ SE 21st St Eastbound,29.647,-82.297773,3,14,39.97332763671875,59.1,12.61942675159236,none,0.7422907488986784,0.7472232024740616,0.2269,155,False
1501,NE 15th St @ NE 8th Ave,29.659135,-82.305768,3,14,38.84156319754464,58.9,20.242214532871973,none,0.6123348017621145,0.901603592480261,0.2269,156,False
63,Norwood Neighborhood,29.63612,-82.317214,"7,17",38,39.79281819661458,58.0,12.61942675159236,none,0.7202643171806168,0.7472232024740616,0.226,157,False
134,Norwood Neighborhood (North),29.636261,-82.317134,"7,17",38,39.761138916015625,58.0,12.61942675159236,none,0.7180616740088106,0.7472232024740616,0.2254,158,False
465,Campus Edge Condominiums,29.637101,-82.358801,"9,12",92,40.87509068080357,58.7,8.333333333333332,none,0.8193832599118943,0.6604191627316935,0.2235,159,False
936,Westgate Plaza,29.650484,-82.370704,5,20,40.263580322265625,54.0,6.52607580507267,none,0.775330396475771,0.6238177079804916,0.2225,160,False
703,US Post Office @ Main St,29.6640224,-82.3244543,15,23,38.080773247612846,40.6,14.08811475409836,none,0.4801762114537445,0.7769677832140807,0.2216,161,False
1407,Eastbound SW 24th AVE @ SW 76th ST,29.630418,-82.423629,"52,76",21,41.83320661272322,51.3,0.8246527777777778,none,0.8832599118942731,0.5083497275251369,0.2187,162,False
387,Walnut Creek Neighborhood,29.688675,-82.360317,"8,55",25,41.50911937040441,49.8,0.5906123717749456,none,0.8612334801762115,0.5036098278725899,0.2177,163,False
436,Applebee's @ NW 13th Street,29.661331,-82.339275,"8,10",37,39.66260104709201,50.8,6.52607580507267,none,0.7070484581497798,0.6238177079804916,0.217,164,False
1547,Sam's Club,29.623178,-82.383566,"1,37",94,38.28828125,47.6,15.617875056999544,none,0.5088105726872246,0.8079492297601685,0.2154,165,False
899,NE 16th Avenue @ NE 15th Street,29.666584,-82.305688,"3,26",27,39.34142368861607,63.3,18.24006834686032,none,0.6718061674008811,0.8610551582440376,0.2123,166,False
971,US Post Office @ SW 34th Street,29.608991,-82.371314,12,43,39.47830738740809,57.6,11.43627262225645,none,0.6916299559471366,0.723261392022917,0.2121,167,False
992,Tire Plus @ NW 39th Avenue,29.688786,-82.397096,43,14,39.75762176513672,60.3,12.61518906895456,none,0.7136563876651982,0.7471373788728913,0.2117,168,False
1082,Sparrow Apartments,29.645945,-82.422326,75,27,37.979271782769096,44.1,15.908324907313784,none,0.46255506607929514,0.8138315607990667,0.2104,169,False
1078,Gordon Manor Neighborhood,29.645216,-82.415379,75,27,41.21733262803819,69.6,15.908324907313784,none,0.8458149779735683,0.8138315607990667,0.2093,170,False
1447,Gardenia Gardens,29.659135,-82.302674,"3,26",27,38.73838588169643,61.0,20.242214532871973,none,0.5925110132158591,0.901603592480261,0.2083,171,False
55,Second Avenue Center Apartments,29.650175,-82.3299,1,43,35.77554141773897,6.7,25.107526881720432,none,0.22246696035242292,1.0001382545315658,0.2076,172,False
1140,Southbound SW 27th Street @ SW 35th Place,29.619302,-82.36289,12,43,39.94841657366072,61.3,11.43627262225645,none,0.7400881057268722,0.723261392022917,0.2072,173,False
1083,Cricket Club Apartments,29.647935,-82.422297,75,27,38.32772064208984,51.1,15.908324907313784,none,0.5176211453744494,0.8138315607990667,0.206,174,False
97,Veteran's Honor Center,29.649098,-82.303346,3,14,39.06177462064303,57.4,12.61942675159236,none,0.6453744493392071,0.7472232024740616,0.2054,175,False
718,Northbound NE 15th Street @ NE 31st Avenue,29.681769,-82.305727,"15,26",36,38.87593367293074,62.1,18.24006834686032,none,0.6189427312775331,0.8610551582440376,0.202,176,False
1013,Pine Woods Apartments,29.688548,-82.391263,"43,55",23,39.32331678602431,64.3,17.254556143445033,none,0.6651982378854625,0.8410960877983454,0.1997,177,False
1079,Westbound SW 8th Avenue @ SW 70th Terrace,29.645191,-82.416867,75,27,41.74751112196181,72.3,15.908324907313784,none,0.8722466960352423,0.8138315607990667,0.1966,178,False
238,CVS @ NW 13th Street,29.690166,-82.339194,6,14,39.01483832465278,48.9,5.620753551575047,none,0.6343612334801763,0.6054826832380354,0.1963,179,False
798,Sigma Alpha Epsilon,29.644974,-82.355295,"20,118",99,38.409891764322914,66.6,30.48780487804878,none,0.5286343612334802,1.1091022502831978,0.1958,180,False
1051,Walgreens @ SW 24th Avenue,29.630459,-82.421341,"52,75",39,39.33503553602431,64.6,16.47440519105984,none,0.6696035242290749,0.8252960928688374,0.1956,181,False
995,Summer Creek Neighborhood,29.688902,-82.410768,"43,55",23,40.06028366088867,65.1,12.61518906895456,none,0.748898678414097,0.7471373788728913,0.1953,182,False
1494,NE 15th St @ NE 20th Pl,29.67179,-82.305762,26,13,39.077121310763886,65.2,18.24006834686032,none,0.6497797356828194,0.8610551582440376,0.1947,183,False
1489,Village Point 4,29.637488,-82.378817,"33,52",73,38.36826520647321,54.1,15.617875056999544,none,0.5220264317180616,0.8079492297601685,0.1936,184,False
970,Williston Plaza,29.605936,-82.371055,12,43,38.447021484375,50.0,11.43627262225645,none,0.5330396475770925,0.723261392022917,0.1928,185,False
1398,Westbound SW 24th AVE @ SW 75th ST,29.630617,-82.423787,"52,76",21,41.31148644649621,54.7,0.4123711340206186,none,0.8480176211453745,0.5,0.1921,186,False
1543,NW 2nd St @ NW 16th Ave Northbound,29.666315,-82.326527,3,14,38.18288646024816,51.0,14.08811475409836,none,0.4977973568281938,0.7769677832140807,0.1895,187,False
467,Cancer and Genetics Research,29.638769,-82.351411,"9,12,21,33,52",194,37.332798549107146,56.5,30.48780487804878,none,0.3920704845814978,1.1091022502831978,0.1892,188,False
1261,Gardenia Garden Apartments,29.659264,-82.302637,"3,26",27,38.56402064732143,62.1,20.242214532871973,none,0.552863436123348,0.901603592480261,0.1889,189,False
507,Capital City Bank @ NW 16th Boulevard,29.672891,-82.386122,10,20,40.90960518973214,64.8,7.312925170068027,none,0.8215859030837004,0.6397533624063481,0.185,190,False
528,Northwest Baptist Church,29.674028,-82.401846,"10,76",29,39.488850911458336,55.9,5.506141465480729,none,0.6938325991189427,0.6031615037616609,0.1846,191,False
6,720 SW 2nd Ave,29.650335,-82.33279,1,42,35.83775111607143,14.6,21.14384748700173,none,0.23348017621145375,0.9198638997451218,0.1834,192,False
416,Pizza Hut @ NW 34th Street,29.700335,-82.37026,8,17,38.45447455512153,38.9,3.313696612665685,none,0.5352422907488987,0.558759048760106,0.1827,193,False
434,Direct Auto Insurance,29.664539,-82.339265,"8,10",37,39.4734001159668,57.6,6.52607580507267,none,0.6894273127753304,0.6238177079804916,0.1824,194,False
804,Family Housing,29.641106,-82.369361,20,61,36.549877269847975,61.8,49.78902953586498,none,0.31718061674008813,1.5,0.1817,195,False
1267,University Commons Apartments,29.631194,-82.363243,38,54,39.41563546316964,61.0,9.41336971350614,none,0.6806167400881057,0.6822925825849184,0.1811,196,False
986,Bank of America @ NW 43rd Street,29.677745,-82.388858,43,14,38.1435775756836,43.3,7.312925170068027,none,0.4933920704845815,0.6397533624063481,0.179,197,False
738,Green Oak Villa,29.688419,-82.33675,"15,55",32,38.74477887834821,58.7,11.592076302274394,none,0.5947136563876652,0.7264168036092977,0.1784,198,False
394,Family Dollar @ NW 34th Street,29.700757,-82.36939,8,16,38.38465118408203,32.8,0.5906123717749456,none,0.526431718061674,0.5036098278725899,0.1782,199,False
721,NE 39th Ave WB Farside NE 15th St,29.688498,-82.306536,15,23,39.05528428819444,68.0,16.82586333578251,none,0.6431718061674009,0.8324139934335614,0.1713,200,False
683,Meridian Behavioral Healthcare (Northbound),29.613107,-82.340904,13,60,38.43972685842803,36.4,0.5649717514124294,none,0.5308370044052864,0.5030905416107727,0.1698,201,False
742,Bella Vista Village Eastbound,29.688335,-82.325246,15,23,38.62466348184122,59.2,11.592076302274394,none,0.5704845814977973,0.7264168036092977,0.1691,202,False
1103,Tower Hill,29.653548,-82.422532,75,26,40.96330091688368,59.4,0.4123711340206186,none,0.8259911894273128,0.5,0.1677,203,False
1551,Social Security Administration,29.696799,-82.339162,6,14,39.698353794642856,61.0,5.620753551575047,none,0.7092511013215859,0.6054826832380354,0.1675,204,False
877,Quick Mart @ NE 15th Street,29.688155,-82.305679,26,13,38.67544937133789,66.8,18.24006834686032,none,0.5814977973568282,0.8610551582440376,0.1662,205,False
847,Corry Village,29.644774,-82.360875,"20,118",99,36.139122009277344,60.9,49.78902953586498,none,0.28193832599118945,1.5,0.1654,206,False
1084,Reflections Apartments,29.650711,-82.422267,75,27,40.72488941865809,74.9,15.908324907313784,none,0.8083700440528634,0.8138315607990667,0.1651,207,False
168,Capital City Bank @ Newberry Road,29.659086,-82.399163,5,20,38.58017578125,52.5,5.992043759323719,none,0.5616740088105727,0.6130022323482037,0.1635,208,False
385,Sonic Drive In,29.688627,-82.354962,"8,55",25,39.50532023111979,53.8,0.5906123717749456,none,0.698237885462555,0.5036098278725899,0.1625,209,False
1065,Tower Oaks Glenn Apartments,29.63481,-82.414381,"52,75",38,40.99962022569444,76.0,15.250836120401337,none,0.8325991189427313,0.8005157794523101,0.16,210,False
1453,St. Patrick Catholic Church,29.666624,-82.319375,3,14,38.3158203125,64.0,18.24006834686032,none,0.513215859030837,0.8610551582440376,0.1591,211,False
835,Kensington Apartments South,29.633958,-82.381892,"20,21,52",102,36.73380998883928,42.8,15.617875056999544,none,0.3436123348017621,0.8079492297601685,0.1588,212,False
715,Smokey Bear Park,29.674499,-82.305763,"15,26",36,39.54229736328125,73.7,18.24006834686032,none,0.7004405286343612,0.8610551582440376,0.1586,213,False
92,Lincoln Estates,29.644442,-82.299354,3,14,38.06664709142736,55.4,12.61942675159236,none,0.47577092511013214,0.7472232024740616,0.1586,214,False
750,Southbound NE 15th Street @ NE 31 Avenue,29.681613,-82.305868,"15,26",36,38.5136833190918,66.6,18.24006834686032,none,0.5484581497797357,0.8610551582440376,0.1577,215,False
444,University Housing Office,29.643892,-82.339427,8,17,35.40931701660156,23.7,30.48780487804878,none,0.18502202643171806,1.1091022502831978,0.1566,216,False
1594,AT&T Store @ NW 4th Place,29.656272,-82.408713,5,20,38.33905388327206,51.0,5.992043759323719,none,0.5198237885462555,0.6130022323482037,0.1561,217,False
949,Lexington Crossing Apartments,29.616983,-82.362634,12,43,37.70916069878472,50.6,11.43627262225645,none,0.43392070484581496,0.723261392022917,0.155,218,False
1091,Home Depot @ NW 4th Boulevard,29.656182,-82.418499,75,27,38.77135552300347,68.7,15.908324907313784,none,0.6079295154185022,0.8138315607990667,0.1549,219,False
726,Bella Vista Village,29.688589,-82.325418,15,23,38.30718470982143,63.8,16.82586333578251,none,0.5110132158590308,0.8324139934335614,0.154,220,False
800,Corry Village,29.644942,-82.360713,"20,118",99,36.41352802998311,66.3,49.78902953586498,none,0.30176211453744495,1.5,0.1525,221,False
1330,Alachua County Jail (Westbound),29.680186,-82.27963,26,13,38.62886439732143,68.1,16.82586333578251,none,0.5726872246696035,0.8324139934335614,0.1521,222,False
23,UF Surge Area Drive,29.63054,-82.365763,1,42,38.94240260768581,63.1,8.333333333333332,none,0.6233480176211453,0.6604191627316935,0.1519,223,False
122,Lincoln Estates,29.644228,-82.299412,3,14,37.67269112723214,52.9,12.61942675159236,none,0.42951541850220265,0.7472232024740616,0.1512,224,False
1460,Enclave 3,29.623522,-82.365763,38,54,39.43634556361607,67.7,9.41336971350614,none,0.6850220264317181,0.6822925825849184,0.151,225,False
350,Fast Eddie's Restaurant,29.650506,-82.305928,"3,7",28,38.26078752790178,60.6,12.61942675159236,none,0.5066079295154186,0.7472232024740616,0.1491,226,False
955,Gainesville Place Apartments,29.627328,-82.370729,38,57,38.86698190789474,65.2,9.41336971350614,none,0.6167400881057269,0.6822925825849184,0.1464,227,False
1054,Tower Oaks Glenn Apartments,29.634887,-82.414195,"52,75",39,40.648133973817565,78.0,16.47440519105984,none,0.801762114537445,0.8252960928688374,0.1456,228,False
53,Innovation Square East,29.650153,-82.332741,1,43,35.367333984375,12.6,21.14384748700173,none,0.17841409691629956,0.9198638997451218,0.1434,229,False
666,Health Science Center Administration,29.63739,-82.343034,17,24,36.60872650146485,19.9,3.034134007585335,none,0.32158590308370044,0.5530972114845825,0.1425,230,False
869,Fair View Apartments,29.666434,-82.304088,"3,26",27,39.12134552001953,69.6,10.72961373390558,none,0.6563876651982379,0.7089497939678231,0.1415,231,False
1359,Gainesville Healthcare Center,29.637382,-82.342875,8,17,36.573757595486114,19.9,3.034134007585335,none,0.31938325991189426,0.5530972114845825,0.1415,232,False
90,Lincoln Estate Neighborhood,29.641749,-82.299326,3,14,37.980794270833336,59.4,12.61942675159236,none,0.4647577092511013,0.7472232024740616,0.141,233,False
179,Eastbound W Newberry Rd @ NW 53rd Terrace,29.659006,-82.39996,5,20,39.37989637586806,66.2,5.992043759323719,none,0.6740088105726872,0.6130022323482037,0.1397,234,False
1548,Sam's Club,29.622999,-82.383453,"1,37",97,37.66011555989584,59.4,15.617875056999544,none,0.4251101321585903,0.8079492297601685,0.1394,235,False
1041,Bank of America @ Tower Square on Archer Road,29.600454,-82.418626,75,27,37.651495856207774,60.3,16.47440519105984,none,0.42290748898678415,0.8252960928688374,0.1386,236,False
177,Durant Estate,29.659434,-82.403171,5,20,39.00684291294643,64.9,5.992043759323719,none,0.6299559471365639,0.6130022323482037,0.1355,237,False
1055,Split Rock Conservation Area,29.639213,-82.410517,"52,75,76",48,38.96987915039063,74.0,16.47440519105984,none,0.6255506607929515,0.8252960928688374,0.1342,238,False
496,Forest Ridge Neighborhood,29.666822,-82.352564,10,20,38.76978236607143,66.0,7.312925170068027,none,0.6057268722466961,0.6397533624063481,0.1318,239,False
361,Norman Hall,29.647158,-82.339203,"8,13,43",90,36.817970275878906,62.9,25.107526881720432,none,0.3502202643171806,1.0001382545315658,0.1299,240,False
1139,Casablanca Apartments,29.619912,-82.361263,"12,37",95,37.82840983072917,57.4,9.41336971350614,none,0.44052863436123346,0.6822925825849184,0.128,241,False
124,Lincoln Estates Neighborhood,29.641882,-82.29942,3,14,37.72754287719727,61.1,12.61942675159236,none,0.43612334801762115,0.7472232024740616,0.1268,242,False
511,First Church of the Nazarene,29.674215,-82.396915,10,20,36.975730895996094,59.6,17.254556143445033,none,0.3722466960352423,0.8410960877983454,0.1265,243,False
1479,Sorrento New Home Community,29.703359,-82.353141,6,14,38.75112915039063,58.0,0.5906123717749456,none,0.5969162995594713,0.5036098278725899,0.1263,244,False
1337,Gainesville Place,29.621832,-82.36548,38,111,39.50038655598959,73.5,9.41336971350614,none,0.6960352422907489,0.6822925825849184,0.1258,245,False
386,Forest of the Unicorn Neighborhood,29.688636,-82.358168,"8,55",25,40.71321953667535,69.2,0.5906123717749456,none,0.8061674008810573,0.5036098278725899,0.125,246,False
1126,Haystacks Housing Complex,29.613121,-82.393946,75,26,38.375699429898646,62.3,6.800766283524904,none,0.5242290748898678,0.6293808725878798,0.1244,247,False
972,Laurels Apartments,29.611504,-82.371563,12,43,37.96781529017857,63.1,11.43627262225645,none,0.460352422907489,0.723261392022917,0.1229,248,False
1454,Northeast Park,29.666505,-82.319449,3,14,38.191616482204864,65.5,10.72961373390558,none,0.5,0.7089497939678231,0.1223,249,False
1270,Gainesville Place Apartments,29.627188,-82.370782,38,54,38.75331285264757,70.8,9.41336971350614,none,0.5991189427312775,0.6822925825849184,0.1194,250,False
1053,Galen College of Nursing,29.630901,-82.418044,"52,75",39,38.21494140625,71.4,16.47440519105984,none,0.5044052863436124,0.8252960928688374,0.1191,251,False
695,Oakbrook Walk Condominiums,29.6383072,-82.3392012,"13,17",84,35.42470703125,30.2,18.91348088531187,none,0.19162995594713655,0.8746934351191369,0.117,252,False
84,Northbound SE 15th Street @ SE 13th Place,29.639045,-82.305796,7,14,37.00161743164063,58.6,12.61942675159236,none,0.3744493392070485,0.7472232024740616,0.1158,253,False
384,Girls Place of Alachua County,29.68863,-82.351327,"8,55",25,38.75704048775338,68.4,5.620753551575047,none,0.6013215859030837,0.6054826832380354,0.1151,254,False
398,Sorrento New Home Community,29.703231,-82.353051,6,14,38.49079386393229,58.7,0.5906123717749456,none,0.5462555066079295,0.5036098278725899,0.1136,255,False
988,Monterey Apartments,29.685112,-82.388816,43,14,40.24377092633929,77.3,7.312925170068027,none,0.7709251101321586,0.6397533624063481,0.112,256,False
950,Lexington Crossing Apartments,29.615368,-82.362445,12,43,37.452834670608105,61.7,11.43627262225645,none,0.40308370044052866,0.723261392022917,0.1117,257,False
1550,Hotel Eleo @ SW 16th Ave Westbound,29.636454,-82.341105,8,17,36.441378348214286,34.5,3.034134007585335,none,0.3039647577092511,0.5530972114845825,0.1101,258,False
424,Girls Place of Alachua County,29.688408,-82.351597,"8,55",26,39.01939561631944,66.5,0.5906123717749456,none,0.6365638766519823,0.5036098278725899,0.1074,259,False
188,Regal Royal Park Stadium 16,29.652001,-82.380226,"5,43",34,36.84194946289063,50.6,5.992043759323719,none,0.35462555066079293,0.6130022323482037,0.1074,260,False
390,NW 39th Avenue @ NW 34th Street,29.68876,-82.371579,"8,55",25,37.57252771714155,48.7,0.5906123717749456,none,0.41409691629955947,0.5036098278725899,0.107,261,False
382,Ridgeview Baptist Church,29.685662,-82.347437,8,16,38.47411411830357,67.4,5.620753551575047,none,0.539647577092511,0.6054826832380354,0.1065,262,False
128,Southbound SE 15th Street @ SE 14th Avenue,29.638459,-82.305946,7,14,37.51210021972656,65.2,12.61942675159236,none,0.40748898678414097,0.7472232024740616,0.106,263,False
395,YMCA @ NW 34th Street,29.701907,-82.366863,8,16,36.85000430836397,41.1,0.5906123717749456,none,0.3568281938325991,0.5036098278725899,0.1058,264,False
1118,Arredondo Farms,29.600282,-82.418395,75,26,37.28020368303572,56.8,6.800766283524904,none,0.3876651982378855,0.6293808725878798,0.1054,265,False
125,SE 12th Avenue @ SE 17th Drive,29.640324,-82.302536,3,14,38.09794224330357,71.4,12.61942675159236,none,0.486784140969163,0.7472232024740616,0.104,266,False
423,Palmetto Woods Neighborhood,29.688383,-82.353988,"8,55",26,39.0126522288603,67.6,0.5906123717749456,none,0.6321585903083701,0.5036098278725899,0.1031,267,False
1067,Carriage House Lane,29.630587,-82.420423,"52,75",38,39.09431457519531,80.4,15.250836120401337,none,0.6541850220264317,0.8005157794523101,0.1026,268,False
529,First Church of the Nazarene,29.673993,-82.396932,10,20,37.39141845703125,57.9,5.506141465480729,none,0.3964757709251101,0.6031615037616609,0.1007,269,False
135,Dignity Project,29.639714,-82.318874,"7,17",38,36.7003173828125,60.0,12.61942675159236,none,0.3370044052863436,0.7472232024740616,0.1007,270,False
1120,Life Storage,29.603082,-82.413069,75,26,35.92656947544643,35.4,6.800766283524904,none,0.24669603524229075,0.6293808725878798,0.1003,271,False
1039,Kanapaha Station Plaza,29.603437,-82.412954,75,27,35.68711635044643,43.7,16.47440519105984,none,0.21365638766519823,0.8252960928688374,0.0993,272,False
1015,Southbound NW 43rd Street @ NW 33rd Court,29.684033,-82.389073,43,14,38.57671780056424,79.5,17.254556143445033,none,0.5572687224669604,0.8410960877983454,0.0961,273,False
983,Millhopper Pines Apartments,29.670619,-82.38885,43,14,38.03143484933036,66.2,5.506141465480729,none,0.4713656387665198,0.6031615037616609,0.0961,274,False
1066,KISS 105.3 FM Station,29.631028,-82.418071,"52,75",38,37.95611233181424,73.8,15.250836120401337,none,0.4581497797356828,0.8005157794523101,0.0961,275,False
739,Eastbound NW 39th Avenue @ NW 10th Street,29.688421,-82.334462,"15,55",32,37.64556884765625,68.5,11.592076302274394,none,0.4185022026431718,0.7264168036092977,0.0958,276,False
1026,Holy Faith Catholic Church,29.658381,-82.389439,43,14,35.9086254222973,37.1,5.992043759323719,none,0.2444933920704846,0.6130022323482037,0.0943,277,False
1459,Kensington South @ 38th Terrace,29.633451,-82.3809735,"21,33",90,36.51759168836806,62.8,15.617875056999544,none,0.31277533039647576,0.8079492297601685,0.094,278,False
543,Forest Ridge Neighborhood,29.666632,-82.353084,10,20,38.55435519748264,72.8,6.52607580507267,none,0.5506607929515418,0.6238177079804916,0.0934,279,False
680,Bridge House,29.611419,-82.341485,13,62,36.92334365844727,64.9,12.026726057906458,none,0.36123348017621143,0.7352195409694231,0.0932,280,False
450,Lexington Crossing Apartments,29.615121,-82.36231,9,50,37.26120954241071,63.9,8.51472471190781,none,0.3854625550660793,0.6640927887818456,0.0924,281,False
61,Dignity Project,29.639719,-82.318989,"7,17",38,36.46584123883929,60.4,12.61942675159236,none,0.30616740088105726,0.7472232024740616,0.0906,282,False
1124,Dogwood Dog Park,29.609276,-82.40128,75,26,36.644112723214285,56.8,6.800766283524904,none,0.3303964757709251,0.6293808725878798,0.0898,283,False
932,UF Law School,29.650455,-82.359095,5,20,40.28701319839015,81.5,6.52607580507267,none,0.7775330396475771,0.6238177079804916,0.0897,284,False
1568,The Lark Apartments,29.6400117,-82.3391741,"13,17",84,34.96491156684028,32.7,18.91348088531187,none,0.15198237885462554,0.8746934351191369,0.0895,285,False
682,Budget Inn,29.611868,-82.341109,13,60,37.08006417410714,53.2,0.5649717514124294,none,0.3788546255506608,0.5030905416107727,0.0892,286,False
848,Lake Alice Field,29.644875,-82.356718,"20,118",99,36.486886160714285,81.0,49.78902953586498,none,0.31057268722466963,1.5,0.0885,287,False
1004,Windsor Assisted Living,29.685793,-82.430225,"43,55",23,36.1284408569336,62.9,17.254556143445033,none,0.27973568281938327,0.8410960877983454,0.0873,288,False
1396,Eastbound SW 24th Ave @ Majestic Oaks,29.64007,-82.405336,"52,76",21,36.47226291232639,65.9,15.908324907313784,none,0.30837004405286345,0.8138315607990667,0.0856,289,False
87,Lincoln Estate Neighborhood,29.640225,-82.302744,3,14,38.067924948299634,76.3,12.61942675159236,none,0.4779735682819383,0.7472232024740616,0.0846,290,False
1427,Holy Faith Catholic Church,29.658408,-82.389177,43,14,36.072276088169644,49.5,5.992043759323719,none,0.2687224669603524,0.6130022323482037,0.0832,291,False
813,Kensington Apartments North,29.634123,-82.382798,"20,52",73,35.8590648754223,57.1,15.617875056999544,none,0.2356828193832599,0.8079492297601685,0.0817,292,False
1473,Fire Station,29.651128,-82.377021,5,20,35.44962935014205,33.1,5.992043759323719,none,0.19383259911894274,0.6130022323482037,0.0795,293,False
419,NW 39th Avenue @ NW 34th Street,29.688514,-82.371275,"8,55",26,37.857981962316174,64.9,0.5906123717749456,none,0.44933920704845814,0.5036098278725899,0.0794,294,False
346,Westbound E University Avenue @ SE 21st Street,29.652022,-82.297479,7,14,36.60966159986413,73.0,20.242214532871973,none,0.3237885462555066,0.901603592480261,0.0788,295,False
221,Family Acupuncture Center,29.669248,-82.330771,"6,55",23,37.46027688419117,75.2,14.08811475409836,none,0.4052863436123348,0.7769677832140807,0.0781,296,False
489,Southbound SW 23rd Street @ Williston Road,29.613806,-82.355183,9,50,36.96380092075893,68.0,8.51472471190781,none,0.3656387665198238,0.6640927887818456,0.0777,297,False
403,Kangaroo Gas @ NW 34th Street,29.706605,-82.356652,"6,8",31,37.42596620501894,67.7,5.032119914346895,none,0.4008810572687225,0.5935613897305314,0.0769,298,False
745,Highland Court Manor,29.688255,-82.310561,15,23,36.975125558035714,76.1,18.24006834686032,none,0.3700440528634361,0.8610551582440376,0.0762,299,False
420,Vida Springs Church,29.688495,-82.366151,"8,55",26,38.602447509765625,73.9,0.5906123717749456,none,0.566079295154185,0.5036098278725899,0.0744,300,False
1001,Santa Fe College @ NW 83rd Street,29.680709,-82.430392,"43,55",23,36.15659825942095,69.3,17.254556143445033,none,0.28634361233480177,0.8410960877983454,0.0739,301,False
791,Oakbrook Walk Condominiums @ SW 16th Avenue,29.6365343,-82.3382784,17,24,34.661658393012154,28.3,18.91348088531187,none,0.11674008810572688,0.8746934351191369,0.0732,302,False
993,Huntington Lakes Apartments,29.68883,-82.399846,"43,55",23,37.53250503540039,76.2,12.61518906895456,none,0.4118942731277533,0.7471373788728913,0.0732,303,False
306,Eastbound University Avenue @ SE 24th Street,29.651775,-82.293739,7,14,36.13966200086806,71.8,20.242214532871973,none,0.2841409691629956,0.901603592480261,0.0722,304,False
1105,Cricket Club Apartments,29.648113,-82.422538,75,26,36.87200404575893,60.3,0.4123711340206186,none,0.3590308370044053,0.5,0.0713,305,False
505,B'Nai Israel School & Day Care,29.670967,-82.381747,10,20,38.12106735641892,77.4,7.312925170068027,none,0.4911894273127753,0.6397533624063481,0.071,306,False
412,Northwood Pines Neighborhood,29.705193,-82.359716,"6,8",31,38.17931410845589,76.4,5.032119914346895,none,0.4955947136563877,0.5935613897305314,0.0694,307,False
535,B'Nai Israel School & Day Care,29.670727,-82.381721,10,20,37.94046559053309,75.3,5.506141465480729,none,0.45374449339207046,0.6031615037616609,0.0676,308,False
833,Addison Lane,29.634296,-82.38484,"20,21,52",102,35.82295608520508,63.9,15.617875056999544,none,0.23127753303964757,0.8079492297601685,0.0675,309,False
1481,Cancer/Genetics Research Complex,29.638354,-82.353572,"9,12,21,33,52",194,36.122032165527344,78.2,30.48780487804878,none,0.2775330396475771,1.1091022502831978,0.0671,310,False
1329,Alachua County Jail,29.680156,-82.280206,26,13,38.56494479709201,78.7,3.571428571428571,none,0.5550660792951542,0.5639787612134148,0.0667,311,False
1020,Southbound NW 43rd Street @ NW 19th Avenue,29.670059,-82.389128,43,14,36.78615373883929,68.3,5.506141465480729,none,0.34801762114537443,0.6031615037616609,0.0665,312,False
413,Northwood Oaks Neighborhood,29.704084,-82.362233,"6,8",31,38.48510360717773,79.6,5.032119914346895,none,0.5440528634361234,0.5935613897305314,0.0659,313,False
215,Williams Fellowship Hall,29.657373,-82.33077,"6,55",23,35.4159989790483,63.3,21.14384748700173,none,0.18722466960352424,0.9198638997451218,0.0632,314,False
1002,Santa Fe College @ NW 83rd Street (Northbound),29.68061,-82.43027,"43,55",23,35.98162841796875,71.2,17.254556143445033,none,0.2577092511013216,0.8410960877983454,0.0624,315,False
483,University Club Apartments,29.625366,-82.356342,"9,12,37",145,36.274220186121326,69.0,9.41336971350614,none,0.29515418502202645,0.6822925825849184,0.0624,316,False
684,UF Health Florida Recovery Center,29.615715,-82.340479,13,60,35.547190946691174,51.6,7.1806945261918775,none,0.20044052863436124,0.6370753633647764,0.0618,317,False
1186,Lakeside Residential Building,29.6412528,-82.3642235,118,38,36.38099670410156,86.3,49.78902953586498,none,0.29955947136563876,1.5,0.0616,318,False
1420,Southbound SW 13th ST @ SW 14th AVE,29.637981,-82.339427,"8,13",79,34.90846521714155,25.4,3.034134007585335,none,0.14757709251101322,0.5530972114845825,0.0609,319,False
428,Southbound NW 21st Street @ NW 36th Avenue,29.68524,-82.351557,8,17,38.812412806919646,80.3,0.5906123717749456,none,0.6101321585903083,0.5036098278725899,0.0605,320,False
1168,Northwood Oaks Neighborhood,29.704007,-82.362109,"6,8",30,38.629830496651785,79.7,0.5906123717749456,none,0.5748898678414097,0.5036098278725899,0.0588,321,False
978,Lenox Place Apartments,29.660922,-82.388936,43,14,37.42455376519097,76.3,5.506141465480729,none,0.3986784140969163,0.6031615037616609,0.057,322,False
407,Hampton Court Apartments,29.714336,-82.360139,8,16,38.91538434709821,84.6,5.032119914346895,none,0.6211453744493393,0.5935613897305314,0.0568,323,False
435,State Farm Insurance @ NW 13th Street,29.663014,-82.339266,"8,10",37,36.032706124441965,66.0,6.52607580507267,none,0.2643171806167401,0.6238177079804916,0.0561,324,False
40,Shands Care Helicopter Pad,29.636402,-82.350912,"1,37,38",154,35.791451590401785,55.1,3.034134007585335,none,0.22466960352422907,0.5530972114845825,0.0558,325,False
1170,Pine Ridge Apartments,29.706292,-82.356987,6,14,36.72893524169922,67.7,0.5906123717749456,none,0.34140969162995594,0.5036098278725899,0.0555,326,False
1169,Northwood Pines Neighborhood,29.704958,-82.359975,"6,8",30,37.95375279017857,75.9,0.5906123717749456,none,0.45594713656387664,0.5036098278725899,0.0553,327,False
418,Southbound NW 34th Street @ NW 41st Avenue,29.6909,-82.372383,8,17,37.35059611002604,75.2,3.313696612665685,none,0.394273127753304,0.558759048760106,0.0546,328,False
1482,Lake Alice Conservation Area,29.638474,-82.353602,"9,12,21,33,52",194,35.705959743923614,83.6,49.78902953586498,none,0.21585903083700442,1.5,0.0531,329,False
999,Northridge Neighborhood,29.686069,-82.430369,"43,55",23,35.40830775669643,65.8,17.254556143445033,none,0.1828193832599119,0.8410960877983454,0.0526,330,False
1439,Cohens Temple,29.655976,-82.305789,3,14,36.65871233258929,82.6,20.242214532871973,none,0.33480176211453744,0.901603592480261,0.0525,331,False
304,Eastbound University Avenue @ SE 21st Street,29.651799,-82.297724,7,14,35.88817716899671,76.5,20.242214532871973,none,0.2422907488986784,0.901603592480261,0.0513,332,False
85,Lincoln Estate Neighborhood,29.640245,-82.305449,3,14,35.479257089120374,65.5,12.61942675159236,none,0.19823788546255505,0.7472232024740616,0.0511,333,False
814,Pinetree Gardens,29.634505,-82.385202,"20,52",73,35.24028778076172,62.5,15.617875056999544,none,0.16740088105726872,0.8079492297601685,0.0507,334,False
381,Altrusa House of Gainesville,29.685711,-82.349514,8,16,37.64804159628378,80.1,5.620753551575047,none,0.42070484581497797,0.6054826832380354,0.0507,335,False
1010,Huntington Lakes Apartments,29.688594,-82.400465,"43,55",23,37.054474748883926,84.1,17.254556143445033,none,0.3766519823788546,0.8410960877983454,0.0504,336,False
851,Eastbound SE 4th Avenue @ SE 8th Street,29.648137,-82.316559,26,13,35.9597598805147,72.0,10.72961373390558,none,0.2533039647577093,0.7089497939678231,0.0503,337,False
1440,Mt. Olive Primitive Baptist Church,29.656032,-82.305922,3,14,36.5257667335304,82.4,20.242214532871973,none,0.31497797356828194,0.901603592480261,0.05,338,False
427,Altrusa House of Gainesville,29.685773,-82.349537,8,17,37.64102935791016,80.4,5.620753551575047,none,0.41629955947136565,0.6054826832380354,0.0494,339,False
393,Capri Neighborhood,29.695491,-82.372212,8,16,36.35573381696429,67.0,0.5906123717749456,none,0.2973568281938326,0.5036098278725899,0.0494,340,False
1374,Westbound NW 39th AVE @ NW 19th TER,29.688635,-82.347967,"8,55",25,36.63625026393581,75.6,5.620753551575047,none,0.32819383259911894,0.6054826832380354,0.0485,341,False
934,Campus Church of Christ,29.650428,-82.36276,5,20,36.645206451416016,76.9,6.52607580507267,none,0.33259911894273125,0.6238177079804916,0.0479,342,False
1049,Tower Road Branch Library,29.626103,-82.422459,75,27,35.8753231272978,76.0,16.47440519105984,none,0.24008810572687225,0.8252960928688374,0.0476,343,False
1179,Pressly Softball Stadium,29.637694,-82.365243,"21,33,52,118",140,33.78703477647569,57.1,49.78902953586498,none,0.07268722466960352,1.5,0.0468,344,False
425,Eastbound NW 39th Ave at NW 19th St Green Tree Pk,29.688417,-82.347868,"8,55",26,36.7588623046875,73.3,0.5906123717749456,none,0.3458149779735683,0.5036098278725899,0.0465,345,False
1119,CROM Equipment Rentals,29.601707,-82.415676,75,26,34.97314453125,52.5,6.800766283524904,none,0.15418502202643172,0.6293808725878798,0.0461,346,False
389,Westbound NW 39th Avenue @ NW 31st Street,29.68873,-82.368603,"8,55",25,37.70693487870066,79.0,0.5906123717749456,none,0.43171806167400884,0.5036098278725899,0.0457,347,False
1500,NE 15th St @ NE 7th Ave,29.657879,-82.305915,3,14,37.668674045138886,88.6,20.242214532871973,none,0.42731277533039647,0.901603592480261,0.0439,348,False
538,Covenant Church,29.666661,-82.36891,10,20,36.209510803222656,76.0,6.52607580507267,none,0.2907488986784141,0.6238177079804916,0.0435,349,False
186,Life South Blood Center,29.654297,-82.386555,"5,43",34,34.84222881610577,48.3,5.992043759323719,none,0.13656387665198239,0.6130022323482037,0.0433,350,False
823,Hampton Oaks Apartments,29.652416,-82.408796,"20,23,76",95,35.32280815972222,59.5,5.992043759323719,none,0.17180616740088106,0.6130022323482037,0.0427,351,False
1016,Millhopper Branch Library,29.681599,-82.389063,43,14,35.08485514322917,68.9,17.254556143445033,none,0.16299559471365638,0.8410960877983454,0.0426,352,False
379,Northbound NW 21st Avenue @ NW 33rd Avenue,29.683322,-82.351488,8,16,38.04472351074219,85.4,5.620753551575047,none,0.473568281938326,0.6054826832380354,0.0419,353,False
723,Highland Court,29.688502,-82.310905,15,23,35.97096121651786,80.3,16.82586333578251,none,0.2555066079295154,0.8324139934335614,0.0419,354,False
678,Residence Inn,29.615843,-82.340786,13,62,34.85325453016493,60.1,12.026726057906458,none,0.14096916299559473,0.7352195409694231,0.0414,355,False
1025,Landmark Woods Neighborhood,29.661398,-82.389176,43,14,36.25733816964286,76.8,5.506141465480729,none,0.29295154185022027,0.6031615037616609,0.041,356,False
127,Lincoln Estates Neighborhood,29.640328,-82.305742,3,14,35.11062344637784,66.9,12.61942675159236,none,0.16519823788546256,0.7472232024740616,0.0409,357,False
360,Norman Field,29.645428,-82.339205,"8,13,43",90,34.61357421875,64.1,25.107526881720432,none,0.11233480176211454,1.0001382545315658,0.0403,358,False
1283,Ft Clarke Middle School,29.674172,-82.439133,23,25,36.11639404296875,75.9,5.470500373412994,none,0.2753303964757709,0.6024396831034527,0.04,359,False
1470,Gainesville Women's Club,29.652037,-82.364712,43,14,35.578582763671875,71.2,6.52607580507267,none,0.20704845814977973,0.6238177079804916,0.0372,360,False
1116,Valwood Neighborhood,29.604319,-82.422747,75,26,35.93839285714286,72.1,0.8246527777777778,none,0.2488986784140969,0.5083497275251369,0.0353,361,False
153,Westbound University Avenue @ NW 22nd Street,29.65213,-82.35529,43,14,36.95015335083008,84.5,6.52607580507267,none,0.3634361233480176,0.6238177079804916,0.0351,362,False
1137,Cypress Villas,29.620249,-82.356695,"12,37",95,34.947723388671875,66.0,9.41336971350614,none,0.14977973568281938,0.6822925825849184,0.0347,363,False
461,University Club Apartments,29.625831,-82.356333,"9,12,37",146,35.627529568142364,78.0,12.026726057906458,none,0.2092511013215859,0.7352195409694231,0.0338,364,False
417,Capri Neighborhood,29.694582,-82.37237,8,17,35.809580775669644,74.1,3.313696612665685,none,0.22687224669603523,0.558759048760106,0.0328,365,False
677,The Landings Apartments,29.618568,-82.340371,13,62,34.85595005580357,69.2,12.026726057906458,none,0.14317180616740088,0.7352195409694231,0.0324,366,False
396,Barnhill Clinic,29.702736,-82.364968,8,16,35.770866842830884,71.0,0.5906123717749456,none,0.22026431718061673,0.5036098278725899,0.0322,367,False
429,Glen Springs Apartments,29.682891,-82.351573,8,17,37.87363083298142,86.1,0.5906123717749456,none,0.45154185022026433,0.5036098278725899,0.0316,368,False
801,UF Bat Houses,29.643222,-82.363619,"20,118",99,34.42260044642857,80.0,49.78902953586498,none,0.10352422907488987,1.5,0.0311,369,False
391,Gethsemane Lutheran Church,29.691353,-82.372205,8,16,36.1668701171875,79.1,0.5906123717749456,none,0.28854625550660795,0.5036098278725899,0.0304,370,False
103,Northbound SE 24th Street @ E University Avenue,29.651128,-82.293201,7,14,35.041939871651785,79.4,20.242214532871973,none,0.16079295154185022,0.901603592480261,0.0299,371,False
531,Eastbound NW 23rd Avenue @ NW 46th Street,29.674028,-82.392449,10,20,34.842010498046875,63.3,5.506141465480729,none,0.1343612334801762,0.6031615037616609,0.0297,372,False
822,Palm Garden of Gainesville,29.64998,-82.407117,"20,23,76",95,35.00674057006836,70.3,5.992043759323719,none,0.15859030837004406,0.6130022323482037,0.0289,373,False
1499,NE 15th St @ NE 3rd Ave Nearside,29.653654,-82.305737,3,14,37.1647216796875,91.7,20.242214532871973,none,0.381057268722467,0.901603592480261,0.0285,374,False
82,McPherson Recreational Center,29.633752,-82.305794,7,14,36.07513242779356,85.9,12.61942675159236,none,0.2709251101321586,0.7472232024740616,0.0285,375,False
163,Allstate Insurance @ Newberry Road,29.654595,-82.386667,"5,43",34,34.379192483836206,54.3,5.992043759323719,none,0.1013215859030837,0.6130022323482037,0.0284,376,False
1110,Tower Road Library,29.626092,-82.422571,75,26,35.81891043526786,75.6,0.8246527777777778,none,0.2290748898678414,0.5083497275251369,0.0284,377,False
1397,Westbound SW 24th Ave @ SW 61st St,29.639833,-82.406425,"52,76",21,34.753753662109375,73.4,16.47440519105984,none,0.12334801762114538,0.8252960928688374,0.0271,378,False
689,Boardwalk Apartments,29.626535,-82.3392,13,60,33.852302102481616,48.3,7.1806945261918775,none,0.07929515418502203,0.6370753633647764,0.0261,379,False
1166,Ironwood Golf Course,29.688133,-82.296986,26,13,35.3567853655134,82.4,16.82586333578251,none,0.1762114537444934,0.8324139934335614,0.0258,380,False
1121,SunState,29.605087,-82.409246,75,26,34.82569099195076,69.9,6.800766283524904,none,0.13215859030837004,0.6293808725878798,0.025,381,False
1319,Gainesville Regional Airport Outbound,29.678967,-82.276616,26,13,35.42064666748047,84.3,16.82586333578251,none,0.1894273127753304,0.8324139934335614,0.0248,382,False
1174,Lacrosse Field,29.637587,-82.365174,"21,33,52,118",140,33.911220974392364,55.4,8.333333333333332,none,0.08149779735682819,0.6604191627316935,0.024,383,False
1498,NE 15th St @ NE 3rd Ave Farside,29.65342,-82.305914,3,14,37.292336856617645,93.2,20.242214532871973,none,0.3898678414096916,0.901603592480261,0.0239,384,False
129,McPherson Recreational Center,29.633733,-82.305909,7,14,35.957386997767856,87.5,12.61942675159236,none,0.2511013215859031,0.7472232024740616,0.0235,385,False
430,Misty Oaks Apartments,29.681387,-82.351572,8,17,36.9745662913603,87.4,0.5906123717749456,none,0.36784140969163,0.5036098278725899,0.0233,386,False
1038,A Child's Place,29.605527,-82.408965,75,27,34.55801773071289,74.6,16.47440519105984,none,0.10792951541850221,0.8252960928688374,0.0226,387,False
825,The Earl Apartments,29.650056,-82.407791,"20,23,76",95,34.84955512152778,75.6,5.992043759323719,none,0.13876651982378854,0.6130022323482037,0.0208,388,False
1000,The Arc,29.683831,-82.43038,"43,55",23,34.33309151785714,74.4,17.254556143445033,none,0.0947136563876652,0.8410960877983454,0.0204,389,False
1006,Robin Lane Neighborhood,29.6886393,-82.4219068,"43,55",23,34.53685825892857,77.2,17.254556143445033,none,0.10572687224669604,0.8410960877983454,0.0203,390,False
132,Westbound SE 22nd Avenue @ SE 12th Street,29.631855,-82.310984,7,14,35.647862025669646,87.4,12.61942675159236,none,0.21145374449339208,0.7472232024740616,0.0199,391,False
1040,Town & Country Veterinarians,29.602107,-82.415476,75,27,33.7309326171875,65.0,16.47440519105984,none,0.06828193832599119,0.8252960928688374,0.0197,392,False
378,Misty Oaks Apartments,29.68161,-82.351504,8,16,36.63230329241071,90.2,5.620753551575047,none,0.32599118942731276,0.6054826832380354,0.0193,393,False
154,Westbound University Avenue @ NW 23rd Drive,29.652275,-82.358781,43,14,35.98608737521701,88.3,6.52607580507267,none,0.2599118942731278,0.6238177079804916,0.019,394,False
1023,Suburban Heights Neighborhood,29.66488,-82.389144,43,14,34.65863560267857,72.5,5.506141465480729,none,0.1145374449339207,0.6031615037616609,0.019,395,False
1280,Hidden Oak Elementary School,29.670811,-82.439103,23,25,35.54758071899414,84.9,5.470500373412994,none,0.2026431718061674,0.6024396831034527,0.0184,396,False
1009,Faith Presbyterian Church,29.6886514,-82.4057613,"43,55",23,34.75606761259191,82.6,17.254556143445033,none,0.12555066079295155,0.8410960877983454,0.0184,397,False
501,NW 30th Terrace @ NW 16th Avenue,29.666862,-82.367675,10,20,35.7130557789522,87.2,7.312925170068027,none,0.21806167400881057,0.6397533624063481,0.0179,398,False
1050,Bellamy Grand,29.628397,-82.422371,75,27,34.69985002790179,82.4,16.47440519105984,none,0.1211453744493392,0.8252960928688374,0.0176,399,False
537,Willowcroft Neighborhood,29.667381,-82.374398,10,20,35.549997040719695,85.9,5.506141465480729,none,0.20484581497797358,0.6031615037616609,0.0174,400,False
1024,Landmark Woods Neighborhood,29.663224,-82.389178,43,14,34.90618896484375,80.5,5.506141465480729,none,0.14537444933920704,0.6031615037616609,0.0171,401,False
1469,Eastbound University Avenue @ SW 23rd DR,29.652168,-82.358601,43,14,36.10430385044643,90.0,6.52607580507267,none,0.27312775330396477,0.6238177079804916,0.017,402,False
997,Robin Lane Neighborhood,29.688894,-82.422122,"43,55",23,34.36937120225694,77.1,12.61518906895456,none,0.09911894273127753,0.7471373788728913,0.017,403,False
692,Village Square,29.630285,-82.339178,13,60,32.406626981847424,20.6,7.1806945261918775,none,0.03303964757709251,0.6370753633647764,0.0167,404,False
539,Brywood Neighborhood,29.666647,-82.362483,10,20,35.00498046875,83.0,6.52607580507267,none,0.15638766519823788,0.6238177079804916,0.0166,405,False
994,Faith Presbyterian Church,29.688905,-82.405853,"43,55",23,34.590663364955354,80.6,12.61518906895456,none,0.11013215859030837,0.7471373788728913,0.016,406,False
521,Santa Fe College,29.67778,-82.430533,"10,23,76",54,33.81522843644426,76.3,17.254556143445033,none,0.07709251101321586,0.8410960877983454,0.0154,407,False
1279,Hidden Oak Elementary School,29.670888,-82.439,23,25,35.31202189127604,85.3,5.470500373412994,none,0.1696035242290749,0.6024396831034527,0.015,408,False
194,Eastbound SW 2nd Avenue @ SW 26th Street,29.650347,-82.361278,5,20,36.05821010044643,96.5,49.78902953586498,none,0.2665198237885463,1.5,0.014,409,False
500,NW 27th Terrace @ NW 16th Avenue,29.666871,-82.362903,10,20,34.768310546875,83.2,7.312925170068027,none,0.1277533039647577,0.6397533624063481,0.0137,410,False
131,Westbound SE 22nd Avenue @ SE 13th Street,29.631864,-82.30858,7,14,35.34434291294643,89.5,12.61942675159236,none,0.17400881057268722,0.7472232024740616,0.0137,411,False
376,Cobblestone Apartments,29.678397,-82.349288,8,16,35.461335100446426,88.6,5.620753551575047,none,0.1960352422907489,0.6054826832380354,0.0135,412,False
1033,Westbound Archer Road @ SW 50th Street,29.612137,-82.396352,75,27,32.88761160714286,65.8,16.47440519105984,none,0.046255506607929514,0.8252960928688374,0.0131,413,False
979,Landmark Woods Neighborhood,29.663281,-82.388917,43,14,34.694771902901785,81.7,5.506141465480729,none,0.11894273127753303,0.6031615037616609,0.0131,414,False
1287,Paddock Club Apartments,29.663386,-82.43366,23,25,33.961143493652344,74.4,5.470500373412994,none,0.08370044052863436,0.6024396831034527,0.0129,415,False
820,Spyglass Apartments,29.646795,-82.400843,"20,23,76",95,34.19865036010742,78.2,5.992043759323719,none,0.09030837004405286,0.6130022323482037,0.0121,416,False
462,University of Florida Energy Research,29.628062,-82.35935,"9,12,37",146,35.989524841308594,93.3,8.333333333333332,none,0.2621145374449339,0.6604191627316935,0.0116,417,False
495,Westbound NW 16th Avenue @ NW 20th Way,29.666841,-82.349253,10,20,34.79115513392857,86.6,7.312925170068027,none,0.1299559471365639,0.6397533624063481,0.0111,418,False
878,Ironwood Golf Course,29.687791,-82.29661,26,13,34.35058038884943,86.7,18.24006834686032,none,0.09691629955947137,0.8610551582440376,0.0111,419,False
1125,Hailey Forest Condominiums,29.611973,-82.396169,75,26,33.42970106336806,67.9,6.800766283524904,none,0.05286343612334802,0.6293808725878798,0.0107,420,False
981,Northbound NW 43rd Street @ NW 16th Place,29.666959,-82.388857,43,14,33.59739815848214,69.3,5.506141465480729,none,0.05726872246696035,0.6031615037616609,0.0106,421,False
482,University of Florida Energy Research,29.627895,-82.359309,"9,12,37",145,35.87227608816964,93.6,9.41336971350614,none,0.23788546255506607,0.6822925825849184,0.0104,422,False
1022,Southbound NW 43rd Street @ NW 15th Place,29.666789,-82.389113,43,14,33.48484933035714,69.1,5.506141465480729,none,0.05506607929515418,0.6031615037616609,0.0103,423,False
1044,Kanapaha Middle School,29.607026,-82.42254,75,27,32.829734802246094,72.2,16.47440519105984,none,0.04405286343612335,0.8252960928688374,0.0101,424,False
184,Alarion Bank,29.655819,-82.390733,5,20,33.074432373046875,66.8,5.992043759323719,none,0.048458149779735685,0.6130022323482037,0.0099,425,False
1115,Stillwind Neighborhood,29.60622,-82.42273,75,26,34.179531521267364,78.5,0.8246527777777778,none,0.0881057268722467,0.5083497275251369,0.0096,426,False
182,Gainesville Health & Fitness,29.657274,-82.394708,5,20,32.80236457375919,62.6,5.992043759323719,none,0.04185022026431718,0.6130022323482037,0.0096,427,False
671,Lakeshore Towers Apartments,29.630324,-82.33952,13,62,31.684078543526784,30.4,3.034134007585335,none,0.024229074889867842,0.5530972114845825,0.0093,428,False
1276,Paddock Club Apartments,29.663497,-82.433508,23,25,33.67925604458513,77.1,5.470500373412994,none,0.06167400881057269,0.6024396831034527,0.0085,429,False
980,NW 14th Place @ NW 43rd Street,29.665388,-82.388921,43,14,33.688895089285715,78.4,5.506141465480729,none,0.06387665198237885,0.6031615037616609,0.0083,430,False
1036,Westgate Mobile Manor Park,29.607308,-82.405561,75,27,31.29225068933824,56.7,16.47440519105984,none,0.022026431718061675,0.8252960928688374,0.0079,431,False
1111,Kenwood Neighborhood,29.620922,-82.422609,75,26,33.61640514026988,75.5,0.8246527777777778,none,0.05947136563876652,0.5083497275251369,0.0074,432,False
523,Shenandoah Neighborhood,29.674075,-82.425183,"10,76",29,33.73805803571429,84.8,5.506141465480729,none,0.07048458149779736,0.6031615037616609,0.0065,433,False
514,Westbound NW 23rd Avenue @ NW 63rd Terrace,29.67424,-82.410596,"10,76",29,34.210891311233105,91.8,17.254556143445033,none,0.09251101321585903,0.8410960877983454,0.0064,434,False
522,The Pentecostals of Gainesville,29.674223,-82.428413,"10,76",29,33.692068917410715,86.0,5.506141465480729,none,0.06607929515418502,0.6031615037616609,0.0056,435,False
1035,Kanapaha Botanical Gardens,29.608681,-82.402953,75,27,31.8765625,77.2,16.47440519105984,none,0.028634361233480177,0.8252960928688374,0.0054,436,False
1046,Tower Village Apartments,29.612398,-82.4225,75,27,32.610508510044646,84.6,16.47440519105984,none,0.039647577092511016,0.8252960928688374,0.005,437,False
518,Santa Fe College @ NW 83rd Street,29.675243,-82.430108,"10,23,76",54,33.79791618795956,92.0,17.254556143445033,none,0.07488986784140969,0.8410960877983454,0.005,438,False
526,Eastbound NW 23rd Avenue @ NW 63rd Terrace,29.674122,-82.410453,"10,76",29,33.96879747178819,90.7,5.506141465480729,none,0.08590308370044053,0.6031615037616609,0.0048,439,False
490,The Polos Apartments,29.613174,-82.356828,9,50,33.12038225446429,85.9,8.51472471190781,none,0.05066079295154185,0.6640927887818456,0.0047,440,False
686,CDS Family and Behavioral Services,29.620378,-82.339799,13,60,31.854042053222656,75.1,7.1806945261918775,none,0.02643171806167401,0.6370753633647764,0.0042,441,False
1122,Westgate Manor Park,29.607018,-82.405613,75,26,30.745926339285717,63.3,6.800766283524904,none,0.01762114537444934,0.6293808725878798,0.0041,442,False
375,Brook Wood Terrace Neighborhood,29.676457,-82.347891,8,16,35.37938774956597,96.4,5.620753551575047,none,0.18061674008810572,0.6054826832380354,0.0039,443,False
1112,Vet Mem PK,29.615539,-82.422622,75,26,31.8951810948989,76.4,0.8246527777777778,none,0.030837004405286344,0.5083497275251369,0.0037,444,False
1553,Health Department,29.649168,-82.293379,7,14,32.50042724609375,88.8,20.242214532871973,none,0.03524229074889868,0.901603592480261,0.0036,445,False
1113,Tower Village,29.612393,-82.422636,75,26,32.55742885044643,85.4,0.8246527777777778,none,0.037444933920704845,0.5083497275251369,0.0028,446,False
1123,Broken Arrow Bluff Community,29.608152,-82.403389,75,26,30.431863839285715,78.0,6.800766283524904,none,0.013215859030837005,0.6293808725878798,0.0018,447,False
516,Quail Ridge Neighborhood,29.674303,-82.417978,"10,76",29,30.327667236328125,89.5,17.254556143445033,none,0.011013215859030838,0.8410960877983454,0.001,448,False
819,Rockwood Villas Apartments,29.644826,-82.399248,"20,23,76",95,30.82682146344866,92.1,5.992043759323719,none,0.019823788546255508,0.6130022323482037,0.001,449,False
1277,Legacy @ Fort Clarke Apartments,29.667466,-82.435114,23,25,30.16931501116072,82.6,5.470500373412994,none,0.006607929515418502,0.6024396831034527,0.0007,450,False
1275,Westbound Newberry Road @ Fort Clarke Boulevard,29.660459,-82.43263,23,25,30.489028930664062,92.0,5.470500373412994,none,0.015418502202643172,0.6024396831034527,0.0007,451,False
828,Rockwood Villas Apartments,29.644196,-82.398964,"20,23,76",95,29.691665649414062,86.3,5.992043759323719,none,0.004405286343612335,0.6130022323482037,0.0004,452,False
1288,Eastbound Newberry Road @ Fort Clarke Boulevard,29.660235,-82.432204,23,25,30.28419404871324,92.9,0.4123711340206186,none,0.00881057268722467,0.5,0.0003,453,False
524,Quail Ridge Neighborhood,29.67419,-82.418261,"10,76",29,29.600669860839844,91.3,5.506141465480729,none,0.0022026431718061676,0.6031615037616609,0.0001,454,False
