stop_id,mean_lst_c,max_lst_c,pixel_count,scene_dates,method,fit_r2,fit_rmse_c
1506,42.89,45.04,37,2026-06-02;2026-06-03;2026-06-10;2026-06-11;2026-06-18;2026-06-19;2026-06-26;2026-06-27;2026-07-05;2026-07-12;2026-07-13;2026-07-20;2026-07-21;2026-07-28;2026-07-29;2026-08-05;2026-08-06;2026-08-13;2026-08-14;2026-08-21;2026-08-22;2026-08-29;2026-08-30;2026-09-06;2026-09-15,bt_regression,0.759,1.45
157,35.61,38.93,32,2026-06-02;2026-06-03;2026-06-10;2026-06-11;2026-06-18;2026-06-19;2026-06-26;2026-06-27;2026-07-05;2026-07-12;2026-07-13;2026-07-20;2026-07-21;2026-07-28;2026-07-29;2026-08-05;2026-08-06;2026-08-13;2026-08-14;2026-08-21;2026-08-22;2026-08-29;2026-08-30;2026-09-06;2026-09-15,bt_regression,0.759,1.45
1056,37.73,39.42,36,2026-06-02;2026-06-03;2026-06-10;2026-06-11;2026-06-18;2026-06-19;2026-06-26;2026-06-27;2026-07-05;2026-07-12;2026-07-13;2026-07-20;2026-07-21;2026-07-28;2026-07-29;2026-08-05;2026-08-06;2026-08-13;2026-08-14;2026-08-21;2026-08-22;2026-08-29;2026-08-30;2026-09-06;2026-09-15,bt_regression,0.759,1.45
773,36.54,39.95,32,2026-06-02;2026-06-03;2026-06-10;2026-06-11;2026-06-18;2026-06-19;2026-06-26;2026-06-27;2026-07-05;2026-07-12;2026-07-13;2026-07-20;2026-07-21;2026-07-28;2026-07-29;2026-08-05;2026-08-06;2026-08-13;2026-08-14;2026-08-21;2026-08-22;2026-08-29;2026-08-30;2026-09-06;2026-09-15,bt_regression,0.759,1.45
1471,35.8,38.93,36,2026-06-02;2026-06-03;2026-06-10;2026-06-11;2026-06-18;2026-06-19;2026-06-26;2026-06-27;2026-07-05;2026-07-12;2026-07-13;2026-07-20;2026-07-21;2026-07-28;2026-07-29;2026-08-05;2026-08-06;2026-08-13;2026-08-14;2026-08-21;2026-08-22;2026-08-29;2026-08-30;2026-09-06;2026-09-15,bt_regression,0.759,1.45
789,32.74,33.98,35,2026-06-02;2026-06-03;2026-06-10;2026-06-11;2026-06-18;2026-06-19;2026-06-26;2026-06-27;2026-07-05;2026-07-12;2026-07-13;2026-07-20;2026-07-21;2026-07-28;2026-07-29;2026-08-05;2026-08-06;2026-08-13;2026-08-14;2026-08-21;2026-08-22;2026-08-29;2026-08-30;2026-09-06;2026-09-15,bt_regression,0.759,1.45
796,32.44,33.79,32,2026-06-02;2026-06-03;2026-06-10;2026-06-11;2026-06-18;2026-06-19;2026-06-26;2026-06-27;2026-07-05;2026-07-12;2026-07-13;2026-07-20;2026-07-21;2026-07-28;2026-07-29;2026-08-05;2026-08-06;2026-08-13;2026-08-14;2026-08-21;2026-08-22;2026-08-29;2026-08-30;2026-09-06;2026-09-15,bt_regression,0.759,1.45
192,37.08,38.99,34,2026-06-02;2026-06-03;2026-06-10;2026-06-11;2026-06-18;2026-06-19;2026-06-26;2026-06-27;2026-07-05;2026-07-12;2026-07-13;2026-07-20;2026-07-21;2026-07-28;2026-07-29;2026-08-05;2026-08-06;2026-08-13;2026-08-14;2026-08-21;2026-08-22;2026-08-29;2026-08-30;2026-09-06;2026-09-15,bt_regression,0.759,1.45
1343,39.5,41.9,35,2026-06-02;2026-06-03;2026-06-10;2026-06-11;2026-06-18;2026-06-19;2026-06-26;2026-06-27;2026-07-05;2026-07-12;2026-07-13;2026-07-20;2026-07-21;2026-07-28;2026-07-29;2026-08-05;2026-08-06;2026-08-13;2026-08-14;2026-08-21;2026-08-22;2026-08-29;2026-08-30;2026-09-06;2026-09-15,bt_regression,0.759,1.45
865,40.72,43.81,37,2026-06-02;2026-06-03;2026-06-10;2026-06-11;2026-06-18;2026-06-19;2026-06-26;2026-06-27;2026-07-05;2026-07-12;2026-07-13;2026-07-20;2026-07-21;2026-07-28;2026-07-29;2026-08-05;2026-08-06;2026-08-13;2026-08-14;2026-08-21;2026-08-22;2026-08-29;2026-08-30;2026-09-06;2026-09-15,bt_regression,0.759,1.45
996,37.11,38.97,32,2026-06-02;2026-06-03;2026-06-10;2026-06-11;2026-06-18;2026-06-19;2026-06-26;2026-06-27;2026-07-05;2026-07-12;2026-07-13;2026-07-20;2026-07-21;2026-07-28;2026-07-29;2026-08-05;2026-08-06;2026-08-13;2026-08-14;2026-08-21;2026-08-22;2026-08-29;2026-08-30;2026-09-06;2026-09-15,bt_regression,0.759,1.45
525,35.96,38.98,35,2026-06-02;2026-06-03;2026-06-10;2026-06-11;2026-06-18;2026-06-19;2026-06-26;2026-06-27;2026-07-05;2026-07-12;2026-07-13;2026-07-20;2026-07-21;2026-07-28;2026-07-29;2026-08-05;2026-08-06;2026-08-13;2026-08-14;2026-08-21;2026-08-22;2026-08-29;2026-08-30;2026-09-06;2026-09-15,bt_regression,0.759,1.45
347,37.5,41.01,37,2026-06-02;2026-06-03;2026-06-10;2026-06-11;2026-06-18;2026-06-19;2026-06-26;2026-06-27;2026-07-05;2026-07-12;2026-07-13;2026-07-20;2026-07-21;2026-07-28;2026-07-29;2026-08-05;2026-08-06;2026-08-13;2026-08-14;2026-08-21;2026-08-22;2026-08-29;2026-08-30;2026-09-06;2026-09-15,bt_regression,0.759,1.45
388,36.37,38.64,37,2026-06-02;2026-06-03;2026-06-10;2026-06-11;2026-06-18;2026-06-19;2026-06-26;2026-06-27;2026-07-05;2026-07-12;2026-07-13;2026-07-20;2026-07-21;2026-07-28;2026-07-29;2026-08-05;2026-08-06;2026-08-13;2026-08-14;2026-08-21;2026-08-22;2026-08-29;2026-08-30;2026-09-06;2026-09-15,bt_regression,0.759,1.45
1444,42.45,44.31,32,2026-06-02;2026-06-03;2026-06-10;2026-06-11;2026-06-18;2026-06-19;2026-06-26;2026-06-27;2026-07-05;2026-07-12;2026-07-13;2026-07-20;2026-07-21;2026-07-28;2026-07-29;2026-08-05;2026-08-06;2026-08-13;2026-08-14;2026-08-21;2026-08-22;2026-08-29;2026-08-30;2026-09-06;2026-09-15,bt_regression,0.759,1.45
1063,39.8,46.12,35,2026-06-02;2026-06-03;2026-06-10;2026-06-11;2026-06-18;2026-06-19;2026-06-26;2026-06-27;2026-07-05;2026-07-12;2026-07-13;2026-07-20;2026-07-21;2026-07-28;2026-07-29;2026-08-05;2026-08-06;2026-08-13;2026-08-14;2026-08-21;2026-08-22;2026-08-29;2026-08-30;2026-09-06;2026-09-15,bt_regression,0.759,1.45
456,38.05,44.13,35,2026-06-02;2026-06-03;2026-06-10;2026-06-11;2026-06-18;2026-06-19;2026-06-26;2026-06-27;2026-07-05;2026-07-12;2026-07-13;2026-07-20;2026-07-21;2026-07-28;2026-07-29;2026-08-05;2026-08-06;2026-08-13;2026-08-14;2026-08-21;2026-08-22;2026-08-29;2026-08-30;2026-09-06;2026-09-15,bt_regression,0.759,1.45
190,37.4,39.73,35,2026-06-02;2026-06-03;2026-06-10;2026-06-11;2026-06-18;2026-06-19;2026-06-26;2026-06-27;2026-07-05;2026-07-12;2026-07-13;2026-07-20;2026-07-21;2026-07-28;2026-07-29;2026-08-05;2026-08-06;2026-08-13;2026-08-14;2026-08-21;2026-08-22;2026-08-29;2026-08-30;2026-09-06;2026-09-15,bt_regression,0.759,1.45
900,37.56,39.71,35,2026-06-02;2026-06-03;2026-06-10;2026-06-11;2026-06-18;2026-06-19;2026-06-26;2026-06-27;2026-07-05;2026-07-12;2026-07-13;2026-07-20;2026-07-21;2026-07-28;2026-07-29;2026-08-05;2026-08-06;2026-08-13;2026-08-14;2026-08-21;2026-08-22;2026-08-29;2026-08-30;2026-09-06;2026-09-15,bt_regression,0.759,1.45
1474,38.35,40.72,34,2026-06-02;2026-06-03;2026-06-10;2026-06-11;2026-06-18;2026-06-19;2026-06-26;2026-06-27;2026-07-05;2026-07-12;2026-07-13;2026-07-20;2026-07-21;2026-07-28;2026-07-29;2026-08-05;2026-08-06;2026-08-13;2026-08-14;2026-08-21;2026-08-22;2026-08-29;2026-08-30;2026-09-06;2026-09-15,bt_regression,0.759,1.45
366,40.69,43.71,36,2026-06-02;2026-06-03;2026-06-10;2026-06-11;2026-06-18;2026-06-19;2026-06-26;2026-06-27;2026-07-05;2026-07-12;2026-07-13;2026-07-20;2026-07-21;2026-07-28;2026-07-29;2026-08-05;2026-08-06;2026-08-13;2026-08-14;2026-08-21;2026-08-22;2026-08-29;2026-08-30;2026-09-06;2026-09-15,bt_regression,0.759,1.45
902,40.7,43.81,34,2026-06-02;2026-06-03;2026-06-10;2026-06-11;2026-06-18;2026-06-19;2026-06-26;2026-06-27;2026-07-05;2026-07-12;2026-07-13;2026-07-20;2026-07-21;2026-07-28;2026-07-29;2026-08-05;2026-08-06;2026-08-13;2026-08-14;2026-08-21;2026-08-22;2026-08-29;2026-08-30;2026-09-06;2026-09-15,bt_regression,0.759,1.45
339,35.88,37.27,33,2026-06-02;2026-06-03;2026-06-10;2026-06-11;2026-06-18;2026-06-19;2026-06-26;2026-06-27;2026-07-05;2026-07-12;2026-07-13;2026-07-20;2026-07-21;2026-07-28;2026-07-29;2026-08-05;2026-08-06;2026-08-13;2026-08-14;2026-08-21;2026-08-22;2026-08-29;2026-08-30;2026-09-06;2026-09-15,bt_regression,0.759,1.45
402,37.47,39.14,35,2026-06-02;2026-06-03;2026-06-10;2026-06-11;2026-06-18;2026-06-19;2026-06-26;2026-06-27;2026-07-05;2026-07-12;2026-07-13;2026-07-20;2026-07-21;2026-07-28;2026-07-29;2026-08-05;2026-08-06;2026-08-13;2026-08-14;2026-08-21;2026-08-22;2026-08-29;2026-08-30;2026-09-06;2026-09-15,bt_regression,0.759,1.45
1138,38.33,44.13,35,2026-06-02;2026-06-03;2026-06-10;2026-06-11;2026-06-18;2026-06-19;2026-06-26;2026-06-27;2026-07-05;2026-07-12;2026-07-13;2026-07-20;2026-07-21;2026-07-28;2026-07-29;2026-08-05;2026-08-06;2026-08-13;2026-08-14;2026-08-21;2026-08-22;2026-08-29;2026-08-30;2026-09-06;2026-09-15,bt_regression,0.759,1.45
303,38.32,42.11,35,2026-06-02;2026-06-03;2026-06-10;2026-06-11;2026-06-18;2026-06-19;2026-06-26;2026-06-27;2026-07-05;2026-07-12;2026-07-13;2026-07-20;2026-07-21;2026-07-28;2026-07-29;2026-08-05;2026-08-06;2026-08-13;2026-08-14;2026-08-21;2026-08-22;2026-08-29;2026-08-30;2026-09-06;2026-09-15,bt_regression,0.759,1.45
1284,36.98,37.83,32,2026-06-02;2026-06-03;2026-06-10;2026-06-11;2026-06-18;2026-06-19;2026-06-26;2026-06-27;2026-07-05;2026-07-12;2026-07-13;2026-07-20;2026-07-21;2026-07-28;2026-07-29;2026-08-05;2026-08-06;2026-08-13;2026-08-14;2026-08-21;2026-08-22;2026-08-29;2026-08-30;2026-09-06;2026-09-15,bt_regression,0.759,1.45
1007,37.5,39.15,35,2026-06-02;2026-06-03;2026-06-10;2026-06-11;2026-06-18;2026-06-19;2026-06-26;2026-06-27;2026-07-05;2026-07-12;2026-07-13;2026-07-20;2026-07-21;2026-07-28;2026-07-29;2026-08-05;2026-08-06;2026-08-13;2026-08-14;2026-08-21;2026-08-22;2026-08-29;2026-08-30;2026-09-06;2026-09-15,bt_regression,0.759,1.45
161,38.25,40.42,32,2026-06-02;2026-06-03;2026-06-10;2026-06-11;2026-06-18;2026-06-19;2026-06-26;2026-06-27;2026-07-05;2026-07-12;2026-07-13;2026-07-20;2026-07-21;2026-07-28;2026-07-29;2026-08-05;2026-08-06;2026-08-13;2026-08-14;2026-08-21;2026-08-22;2026-08-29;2026-08-30;2026-09-06;2026-09-15,bt_regression,0.759,1.45
116,38.6,40.52,32,2026-06-02;2026-06-03;2026-06-10;2026-06-11;2026-06-18;2026-06-19;2026-06-26;2026-06-27;2026-07-05;2026-07-12;2026-07-13;2026-07-20;2026-07-21;2026-07-28;2026-07-29;2026-08-05;2026-08-06;2026-08-13;2026-08-14;2026-08-21;2026-08-22;2026-08-29;2026-08-30;2026-09-06;2026-09-15,bt_regression,0.759,1.45
311,35.93,37.27,34,2026-06-02;2026-06-03;2026-06-10;2026-06-11;2026-06-18;2026-06-19;2026-06-26;2026-06-27;2026-07-05;2026-07-12;2026-07-13;2026-07-20;2026-07-21;2026-07-28;2026-07-29;2026-08-05;2026-08-06;2026-08-13;2026-08-14;2026-08-21;2026-08-22;2026-08-29;2026-08-30;2026-09-06;2026-09-15,bt_regression,0.759,1.45
788,38.0,41.45,35,2026-06-02;2026-06-03;2026-06-10;2026-06-11;2026-06-18;2026-06-19;2026-06-26;2026-06-27;2026-07-05;2026-07-12;2026-07-13;2026-07-20;2026-07-21;2026-07-28;2026-07-29;2026-08-05;2026-08-06;2026-08-13;2026-08-14;2026-08-21;2026-08-22;2026-08-29;2026-08-30;2026-09-06;2026-09-15,bt_regression,0.759,1.45
437,41.77,44.47,32,2026-06-02;2026-06-03;2026-06-10;2026-06-11;2026-06-18;2026-06-19;2026-06-26;2026-06-27;2026-07-05;2026-07-12;2026-07-13;2026-07-20;2026-07-21;2026-07-28;2026-07-29;2026-08-05;2026-08-06;2026-08-13;2026-08-14;2026-08-21;2026-08-22;2026-08-29;2026-08-30;2026-09-06;2026-09-15,bt_regression,0.759,1.45
935,37.12,39.2,35,2026-06-02;2026-06-03;2026-06-10;2026-06-11;2026-06-18;2026-06-19;2026-06-26;2026-06-27;2026-07-05;2026-07-12;2026-07-13;2026-07-20;2026-07-21;2026-07-28;2026-07-29;2026-08-05;2026-08-06;2026-08-13;2026-08-14;2026-08-21;2026-08-22;2026-08-29;2026-08-30;2026-09-06;2026-09-15,bt_regression,0.759,1.45
459,35.29,36.3,32,2026-06-02;2026-06-03;2026-06-10;2026-06-11;2026-06-18;2026-06-19;2026-06-26;2026-06-27;2026-07-05;2026-07-12;2026-07-13;2026-07-20;2026-07-21;2026-07-28;2026-07-29;2026-08-05;2026-08-06;2026-08-13;2026-08-14;2026-08-21;2026-08-22;2026-08-29;2026-08-30;2026-09-06;2026-09-15,bt_regression,0.759,1.45
158,37.4,38.81,36,2026-06-02;2026-06-03;2026-06-10;2026-06-11;2026-06-18;2026-06-19;2026-06-26;2026-06-27;2026-07-05;2026-07-12;2026-07-13;2026-07-20;2026-07-21;2026-07-28;2026-07-29;2026-08-05;2026-08-06;2026-08-13;2026-08-14;2026-08-21;2026-08-22;2026-08-29;2026-08-30;2026-09-06;2026-09-15,bt_regression,0.759,1.45
830,37.81,41.71,35,2026-06-02;2026-06-03;2026-06-10;2026-06-11;2026-06-18;2026-06-19;2026-06-26;2026-06-27;2026-07-05;2026-07-12;2026-07-13;2026-07-20;2026-07-21;2026-07-28;2026-07-29;2026-08-05;2026-08-06;2026-08-13;2026-08-14;2026-08-21;2026-08-22;2026-08-29;2026-08-30;2026-09-06;2026-09-15,bt_regression,0.759,1.45
457,37.29,38.23,35,2026-06-02;2026-06-03;2026-06-10;2026-06-11;2026-06-18;2026-06-19;2026-06-26;2026-06-27;2026-07-05;2026-07-12;2026-07-13;2026-07-20;2026-07-21;2026-07-28;2026-07-29;2026-08-05;2026-08-06;2026-08-13;2026-08-14;2026-08-21;2026-08-22;2026-08-29;2026-08-30;2026-09-06;2026-09-15,bt_regression,0.759,1.45
293,35.85,39.17,36,2026-06-02;2026-06-03;2026-06-10;2026-06-11;2026-06-18;2026-06-19;2026-06-26;2026-06-27;2026-07-05;2026-07-12;2026-07-13;2026-07-20;2026-07-21;2026-07-28;2026-07-29;2026-08-05;2026-08-06;2026-08-13;2026-08-14;2026-08-21;2026-08-22;2026-08-29;2026-08-30;2026-09-06;2026-09-15,bt_regression,0.759,1.45
294,38.96,41.21,34,2026-06-02;2026-06-03;2026-06-10;2026-06-11;2026-06-18;2026-06-19;2026-06-26;2026-06-27;2026-07-05;2026-07-12;2026-07-13;2026-07-20;2026-07-21;2026-07-28;2026-07-29;2026-08-05;2026-08-06;2026-08-13;2026-08-14;2026-08-21;2026-08-22;2026-08-29;2026-08-30;2026-09-06;2026-09-15,bt_regression,0.759,1.45
357,35.56,38.59,32,2026-06-02;2026-06-03;2026-06-10;2026-06-11;2026-06-18;2026-06-19;2026-06-26;2026-06-27;2026-07-05;2026-07-12;2026-07-13;2026-07-20;2026-07-21;2026-07-28;2026-07-29;2026-08-05;2026-08-06;2026-08-13;2026-08-14;2026-08-21;2026-08-22;2026-08-29;2026-08-30;2026-09-06;2026-09-15,bt_regression,0.759,1.45
867,38.59,40.26,32,2026-06-02;2026-06-03;2026-06-10;2026-06-11;2026-06-18;2026-06-19;2026-06-26;2026-06-27;2026-07-05;2026-07-12;2026-07-13;2026-07-20;2026-07-21;2026-07-28;2026-07-29;2026-08-05;2026-08-06;2026-08-13;2026-08-14;2026-08-21;2026-08-22;2026-08-29;2026-08-30;2026-09-06;2026-09-15,bt_regression,0.759,1.45
